InvoiceNo,StockCode,Description,Quantity,InvoiceDate,UnitPrice,CustomerID,Country,TotalAmount
536365,85123A,WHITE HANGING HEART T-LIGHT HOLDER,6,2010-01-12 08:26:00,2.55,17850,United Kingdom,15.299999999999999
536365,71053,WHITE METAL LANTERN,6,2010-01-12 08:26:00,3.39,17850,United Kingdom,20.34
536365,84406B,CREAM CUPID HEARTS COAT HANGER,8,2010-01-12 08:26:00,2.75,17850,United Kingdom,22.0
536365,84029G,KNITTED UNION FLAG HOT WATER BOTTLE,6,2010-01-12 08:26:00,3.39,17850,United Kingdom,20.34
536365,84029E,RED WOOLLY HOTTIE WHITE HEART.,6,2010-01-12 08:26:00,3.39,17850,United Kingdom,20.34
536365,22752,SET 7 BABUSHKA NESTING BOXES,2,2010-01-12 08:26:00,7.65,17850,United Kingdom,15.3
536365,22753,SET 7 BABUSHKA NESTING BOXES,3,2010-01-12 08:26:00,7.65,17850,United Kingdom,22.950000000000003
536366,22633,HAND WARMER UNION JACK,6,2010-01-12 08:28:00,1.85,17850,United Kingdom,11.100000000000001
536366,22632,HAND WARMER RED POLKA DOT,6,2010-01-12 08:28:00,1.85,17850,United Kingdom,11.100000000000001
536367,84879,ASSORTED COLOUR BIRD ORNAMENT,32,2010-01-12 08:34:00,1.69,13047,United Kingdom,54.08
536367,22745,POPPY'S PLAYHOUSE BEDROOM ,6,2010-01-12 08:34:00,2.1,13047,United Kingdom,12.600000000000001
536367,22748,POPPY'S PLAYHOUSE KITCHEN,6,2010-01-12 08:34:00,2.1,13047,United Kingdom,12.600000000000001
536367,22749,POPPY'S PLAYHOUSE KITCHEN,8,2010-01-12 08:34:00,2.1,13047,United Kingdom,16.8
536367,22310,IVORY KNITTED MUG COSY ,6,2010-01-12 08:34:00,1.65,13047,United Kingdom,9.899999999999999
536367,84969,BOX OF 6 ASSORTED COLOUR TEASPOONS,6,2010-01-12 08:34:00,4.25,13047,United Kingdom,25.5
536367,22623,BOX OF VINTAGE JIGSAW BLOCKS ,3,2010-01-12 08:34:00,4.95,13047,United Kingdom,14.850000000000001
536367,22622,BOX OF VINTAGE ALPHABET BLOCKS,2,2010-01-12 08:34:00,9.95,13047,United Kingdom,19.9
536367,21754,HOME BUILDING BLOCK WORD,3,2010-01-12 08:34:00,5.95,13047,United Kingdom,17.85
536367,21755,LOVE BUILDING BLOCK WORD,3,2010-01-12 08:34:00,5.95,13047,United Kingdom,17.85
536367,21756,LOVE BUILDING BLOCK WORD,6,2010-01-12 08:34:00,5.95,13047,United Kingdom,35.7
536367,21757,LOVE BUILDING BLOCK WORD,10,2010-01-12 08:34:00,5.95,13047,United Kingdom,59.5
536367,21777,RECIPE BOX WITH METAL HEART,4,2010-01-12 08:34:00,7.95,13047,United Kingdom,31.8
536367,48187,DOORMAT NEW ENGLAND,4,2010-01-12 08:34:00,7.95,13047,United Kingdom,31.8
536368,22960,JAM MAKING SET WITH JARS,6,2010-01-12 08:34:00,4.25,13047,United Kingdom,25.5
536368,22961,JAM MAKING SET WITH JARS,4,2010-01-12 08:34:00,4.25,13047,United Kingdom,17.0
536368,22913,RED COAT RACK PARIS FASHION,3,2010-01-12 08:34:00,4.95,13047,United Kingdom,14.850000000000001
536368,22914,RED COAT RACK PARI,3,2010-01-12 08:34:00,4.95,13047,United Kingdom,14.850000000000001
536368,22912,YELLOW COAT RACK PARIS FASHION,3,2010-01-12 08:34:00,4.95,13047,United Kingdom,14.850000000000001
536368,22914,BLUE COAT RACK PARIS FASHION,3,2010-01-12 08:34:00,4.95,13047,United Kingdom,14.850000000000001
536369,21756,BATH BUILDING BLOCK WORD,3,2010-01-12 08:35:00,5.95,13047,United Kingdom,17.85
536370,22728,ALARM CLOCK BAKELIKE PINK,24,2010-01-12 08:45:00,3.75,12583,France,90.0
536370,22727,ALARM CLOCK BAKELIKE RED ,24,2010-01-12 08:45:00,3.75,12583,France,90.0
536370,22726,ALARM CLOCK BAKELIKE GREEN,12,2010-01-12 08:45:00,3.75,12583,France,45.0
536370,21724,PANDA AND BUNNIES STICKER SHEET,12,2010-01-12 08:45:00,0.85,12583,France,10.2
536370,21883,STARS GIFT TAPE ,24,2010-01-12 08:45:00,0.65,12583,France,15.600000000000001
536370,21884,STARS GIFT TAPE ,21,2010-01-12 08:45:00,0.65,12583,France,13.65
536370,21885,STARS GIFT TAPE ,34,2010-01-12 08:45:00,0.65,12583,France,22.1
536370,10002,INFLATABLE POLITICAL GLOBE ,48,2010-01-12 08:45:00,0.85,12583,France,40.8
536370,21791,VINTAGE HEADS AND TAILS CARD GAME ,24,2010-01-12 08:45:00,1.25,12583,France,30.0
536370,21035,SET/2 RED RETROSPOT TEA TOWELS ,18,2010-01-12 08:45:00,2.95,12583,France,53.1
536370,22326,ROUND SNACK BOXES SET OF4 WOODLAND ,24,2010-01-12 08:45:00,2.95,12583,France,70.80000000000001
536370,22629,SPACEBOY LUNCH BOX ,24,2010-01-12 08:45:00,1.95,12583,France,46.8
536370,22659,LUNCH BOX I LOVE LONDON,24,2010-01-12 08:45:00,1.95,12583,France,46.8
536370,22631,CIRCUS PARADE LUNCH BOX ,24,2010-01-12 08:45:00,1.95,12583,France,46.8
536370,22661,CHARLOTTE BAG DOLLY GIRL DESIGN,20,2010-01-12 08:45:00,0.85,12583,France,17.0
536370,21731,RED TOADSTOOL LED NIGHT LIGHT,24,2010-01-12 08:45:00,1.65,12583,France,39.599999999999994
536370,22900, SET 2 TEA TOWELS I LOVE LONDON ,24,2010-01-12 08:45:00,2.95,12583,France,70.80000000000001
536370,21913,VINTAGE SEASIDE JIGSAW PUZZLES,12,2010-01-12 08:45:00,3.75,12583,France,45.0
536370,22540,MINI JIGSAW CIRCUS PARADE ,24,2010-01-12 08:45:00,0.42,12583,France,10.08
536370,22541,MINI JIGSAW CIRCUS PARADE ,42,2010-01-12 08:45:00,0.42,12583,France,17.64
536370,22542,MINI JIGSAW CIRCUS PARADE ,15,2010-01-12 08:45:00,0.42,12583,France,6.3
536370,22544,MINI JIGSAW SPACEBOY,24,2010-01-12 08:45:00,0.42,12583,France,10.08
536370,22492,MINI PAINT SET VINTAGE ,36,2010-01-12 08:45:00,0.65,12583,France,23.400000000000002
536370,POST,POSTAGE,3,2010-01-12 08:45:00,18.0,12583,France,54.0
536371,22086,PAPER CHAIN KIT 50'S CHRISTMAS ,80,2010-01-12 09:00:00,2.55,13748,United Kingdom,204.0
536372,22632,HAND WARMER RED POLKA DOT,6,2010-01-12 09:01:00,1.85,17850,United Kingdom,11.100000000000001
536372,22633,HAND WARMER UNION JACK,6,2010-01-12 09:01:00,1.85,17850,United Kingdom,11.100000000000001
536373,85123A,WHITE HANGING HEART T-LIGHT HOLDER,6,2010-01-12 09:02:00,2.55,17850,United Kingdom,15.299999999999999
536373,71053,WHITE METAL LANTERN,6,2010-01-12 09:02:00,3.39,17850,United Kingdom,20.34
536373,84406B,CREAM CUPID HEARTS COAT HANGER,8,2010-01-12 09:02:00,2.75,17850,United Kingdom,22.0
536373,20679,EDWARDIAN PARASOL RED,6,2010-01-12 09:02:00,4.95,17850,United Kingdom,29.700000000000003
536373,37370,RETRO COFFEE MUGS ASSORTED,6,2010-01-12 09:02:00,1.06,17850,United Kingdom,6.36
536373,37371,RETRO COFFEE MUGS ASSORTED,21,2010-01-12 09:02:00,1.06,17850,United Kingdom,22.26
536373,37372,RETRO COFFEE MUGS ASSORTED,53,2010-01-12 09:02:00,1.06,17850,United Kingdom,56.18
536373,21871,SAVE THE PLANET MUG,6,2010-01-12 09:02:00,1.06,17850,United Kingdom,6.36
536373,21071,VINTAGE BILLBOARD DRINK ME MUG,6,2010-01-12 09:02:00,1.06,17850,United Kingdom,6.36
536373,21068,VINTAGE BILLBOARD LOVE/HATE MUG,6,2010-01-12 09:02:00,1.06,17850,United Kingdom,6.36
536373,82483,WOOD 2 DRAWER CABINET WHITE FINISH,2,2010-01-12 09:02:00,4.95,17850,United Kingdom,9.9
536373,82486,WOOD S/3 CABINET ANT WHITE FINISH,4,2010-01-12 09:02:00,6.95,17850,United Kingdom,27.8
536373,82482,WOODEN PICTURE FRAME WHITE FINISH,6,2010-01-12 09:02:00,2.1,17850,United Kingdom,12.600000000000001
536373,82494L,WOODEN FRAME ANTIQUE WHITE ,6,2010-01-12 09:02:00,2.55,17850,United Kingdom,15.299999999999999
536373,84029G,KNITTED UNION FLAG HOT WATER BOTTLE,6,2010-01-12 09:02:00,3.39,17850,United Kingdom,20.34
536373,84029E,RED WOOLLY HOTTIE WHITE HEART.,6,2010-01-12 09:02:00,3.39,17850,United Kingdom,20.34
536373,22752,SET 7 BABUSHKA NESTING BOXES,2,2010-01-12 09:02:00,7.65,17850,United Kingdom,15.3
536373,22753,SET 7 BABUSHKA NESTING BOXES,6,2010-01-12 09:02:00,7.65,17850,United Kingdom,45.900000000000006
536373,21730,GLASS STAR FROSTED T-LIGHT HOLDER,6,2010-01-12 09:02:00,4.25,17850,United Kingdom,25.5
536374,21258,VICTORIAN SEWING BOX LARGE,32,2010-01-12 09:09:00,10.95,15100,United Kingdom,350.4
536375,85123A,WHITE HANGING HEART T-LIGHT HOLDER,6,2010-01-12 09:32:00,2.55,17850,United Kingdom,15.299999999999999
536375,71053,WHITE METAL LANTERN,6,2010-01-12 09:32:00,3.39,17850,United Kingdom,20.34
536375,84406B,CREAM CUPID HEARTS COAT HANGER,8,2010-01-12 09:32:00,2.75,17850,United Kingdom,22.0
536375,20679,EDWARDIAN PARASOL RED,6,2010-01-12 09:32:00,4.95,17850,United Kingdom,29.700000000000003
536375,37370,RETRO COFFEE MUGS ASSORTED,6,2010-01-12 09:32:00,1.06,17850,United Kingdom,6.36
536375,21871,SAVE THE PLANET MUG,6,2010-01-12 09:32:00,1.06,17850,United Kingdom,6.36
536375,21071,VINTAGE BILLBOARD DRINK ME MUG,6,2010-01-12 09:32:00,1.06,17850,United Kingdom,6.36
536375,21072,VINTAGE BILLBOARD DRINK ME MUG,21,2010-01-12 09:32:00,1.06,17850,United Kingdom,22.26
536375,21073,VINTAGE BILLBOARD DRINK ME MUG,10,2010-01-12 09:32:00,1.06,17850,United Kingdom,10.600000000000001
536375,21068,VINTAGE BILLBOARD LOVE/HATE MUG,6,2010-01-12 09:32:00,1.06,17850,United Kingdom,6.36
536375,82483,WOOD 2 DRAWER CABINET WHITE FINISH,2,2010-01-12 09:32:00,4.95,17850,United Kingdom,9.9
536375,82486,WOOD S/3 CABINET ANT WHITE FINISH,4,2010-01-12 09:32:00,6.95,17850,United Kingdom,27.8
536375,82482,WOODEN PICTURE FRAME WHITE FINISH,6,2010-01-12 09:32:00,2.1,17850,United Kingdom,12.600000000000001
536375,82494L,WOODEN FRAME ANTIQUE WHITE ,6,2010-01-12 09:32:00,2.55,17850,United Kingdom,15.299999999999999
536375,84029G,KNITTED UNION FLAG HOT WATER BOTTLE,6,2010-01-12 09:32:00,3.39,17850,United Kingdom,20.34
536375,84029E,RED WOOLLY HOTTIE WHITE HEART.,6,2010-01-12 09:32:00,3.39,17850,United Kingdom,20.34
536375,22752,SET 7 BABUSHKA NESTING BOXES,2,2010-01-12 09:32:00,7.65,17850,United Kingdom,15.3
536375,21730,GLASS STAR FROSTED T-LIGHT HOLDER,6,2010-01-12 09:32:00,4.25,17850,United Kingdom,25.5
536376,22114,HOT WATER BOTTLE TEA AND SYMPATHY,48,2010-01-12 09:32:00,3.45,15291,United Kingdom,165.60000000000002
536376,21733,RED HANGING HEART T-LIGHT HOLDER,64,2010-01-12 09:32:00,2.55,15291,United Kingdom,163.2
536376,21734,RED HANGING HEART T-LIGHT HOLDER,72,2010-01-12 09:32:00,2.55,15291,United Kingdom,183.6
536376,21735,RED HANGING HEART T-LIGHT HOLDER,54,2010-01-12 09:32:00,2.55,15291,United Kingdom,137.7
536377,22632,HAND WARMER RED POLKA DOT,6,2010-01-12 09:34:00,1.85,17850,United Kingdom,11.100000000000001
536377,22633,HAND WARMER UNION JACK,6,2010-01-12 09:34:00,1.85,17850,United Kingdom,11.100000000000001
536378,22386,JUMBO BAG PINK POLKADOT,10,2010-01-12 09:37:00,1.95,14688,United Kingdom,19.5
536378,85099C,JUMBO  BAG BAROQUE BLACK WHITE,10,2010-01-12 09:37:00,1.95,14688,United Kingdom,19.5
536378,21033,JUMBO BAG CHARLIE AND LOLA TOYS,10,2010-01-12 09:37:00,2.95,14688,United Kingdom,29.5
536378,20723,STRAWBERRY CHARLOTTE BAG,10,2010-01-12 09:37:00,0.85,14688,United Kingdom,8.5
536378,84997B,RED 3 PIECE RETROSPOT CUTLERY SET,12,2010-01-12 09:37:00,3.75,14688,United Kingdom,45.0
536378,84997C,BLUE 3 PIECE POLKADOT CUTLERY SET,6,2010-01-12 09:37:00,3.75,14688,United Kingdom,22.5
536378,21094,SET/6 RED SPOTTY PAPER PLATES,12,2010-01-12 09:37:00,0.85,14688,United Kingdom,10.2
536378,20725,LUNCH BAG RED RETROSPOT,10,2010-01-12 09:37:00,1.65,14688,United Kingdom,16.5
536378,21559,STRAWBERRY LUNCH BOX WITH CUTLERY,6,2010-01-12 09:37:00,2.55,14688,United Kingdom,15.299999999999999
536378,22352,LUNCH BOX WITH CUTLERY RETROSPOT ,6,2010-01-12 09:37:00,2.55,14688,United Kingdom,15.299999999999999
536378,21212,PACK OF 72 RETROSPOT CAKE CASES,120,2010-01-12 09:37:00,0.42,14688,United Kingdom,50.4
536378,21213,PACK OF 72 RETROSPOT CAKE CASES,128,2010-01-12 09:37:00,0.42,14688,United Kingdom,53.76
536378,21214,PACK OF 72 RETROSPOT CAKE CASES,119,2010-01-12 09:37:00,0.42,14688,United Kingdom,49.98
536378,21975,PACK OF 60 DINOSAUR CAKE CASES,24,2010-01-12 09:37:00,0.55,14688,United Kingdom,13.200000000000001
536378,21977,PACK OF 60 PINK PAISLEY CAKE CASES,24,2010-01-12 09:37:00,0.55,14688,United Kingdom,13.200000000000001
536378,84991,60 TEATIME FAIRY CAKE CASES,24,2010-01-12 09:37:00,0.55,14688,United Kingdom,13.200000000000001
536378,84519A,TOMATO CHARLIE+LOLA COASTER SET,6,2010-01-12 09:37:00,2.95,14688,United Kingdom,17.700000000000003
536378,85183B,CHARLIE & LOLA WASTEPAPER BIN FLORA,48,2010-01-12 09:37:00,1.25,14688,United Kingdom,60.0
536378,85071B,RED CHARLIE+LOLA PERSONAL DOORSIGN,96,2010-01-12 09:37:00,0.38,14688,United Kingdom,36.480000000000004
536378,21931,JUMBO STORAGE BAG SUKI,10,2010-01-12 09:37:00,1.95,14688,United Kingdom,19.5
536378,21929,JUMBO BAG PINK VINTAGE PAISLEY,10,2010-01-12 09:37:00,1.95,14688,United Kingdom,19.5
536380,22961,JAM MAKING SET PRINTED,24,2010-01-12 09:41:00,1.45,17809,United Kingdom,34.8
536381,22139,RETROSPOT TEA SET CERAMIC 11 PC ,23,2010-01-12 09:41:00,4.25,15311,United Kingdom,97.75
536381,84854,GIRLY PINK TOOL SET,5,2010-01-12 09:41:00,4.95,15311,United Kingdom,24.75
536381,22411,JUMBO SHOPPER VINTAGE RED PAISLEY,10,2010-01-12 09:41:00,1.95,15311,United Kingdom,19.5
536381,82567,"AIRLINE LOUNGE,METAL SIGN",2,2010-01-12 09:41:00,2.1,15311,United Kingdom,4.2
536381,82568,"AIRLINE LOUNGE,METAL SIGN",13,2010-01-12 09:41:00,2.1,15311,United Kingdom,27.3
536381,82569,"AIRLINE LOUNGE,METAL SIGN",73,2010-01-12 09:41:00,2.1,15311,United Kingdom,153.3
536381,21672,WHITE SPOT RED CERAMIC DRAWER KNOB,6,2010-01-12 09:41:00,1.25,15311,United Kingdom,7.5
536381,22774,RED DRAWER KNOB ACRYLIC EDWARDIAN,24,2010-01-12 09:41:00,1.25,15311,United Kingdom,30.0
536381,22771,CLEAR DRAWER KNOB ACRYLIC EDWARDIAN,24,2010-01-12 09:41:00,1.25,15311,United Kingdom,30.0
536381,71270,PHOTO CLIP LINE,1,2010-01-12 09:41:00,1.25,15311,United Kingdom,1.25
536381,22262,FELT EGG COSY CHICKEN,1,2010-01-12 09:41:00,0.85,15311,United Kingdom,0.85
536381,22637,PIGGY BANK RETROSPOT ,1,2010-01-12 09:41:00,2.55,15311,United Kingdom,2.55
536381,21934,SKULL SHOULDER BAG,10,2010-01-12 09:41:00,1.65,15311,United Kingdom,16.5
536381,21169,YOU'RE CONFUSING ME METAL SIGN ,3,2010-01-12 09:41:00,1.69,15311,United Kingdom,5.07
536381,21166,COOK WITH WINE METAL SIGN ,1,2010-01-12 09:41:00,1.95,15311,United Kingdom,1.95
536381,21175,GIN + TONIC DIET METAL SIGN,2,2010-01-12 09:41:00,2.1,15311,United Kingdom,4.2
536381,37444A,YELLOW BREAKFAST CUP AND SAUCER,1,2010-01-12 09:41:00,2.95,15311,United Kingdom,2.95
536381,37444C,PINK BREAKFAST CUP AND SAUCER ,1,2010-01-12 09:41:00,2.95,15311,United Kingdom,2.95
536381,22086,PAPER CHAIN KIT 50'S CHRISTMAS ,4,2010-01-12 09:41:00,2.95,15311,United Kingdom,11.8
536381,22083,PAPER CHAIN KIT RETROSPOT,1,2010-01-12 09:41:00,2.95,15311,United Kingdom,2.95
536381,84971S,SMALL HEART FLOWERS HOOK ,6,2010-01-12 09:41:00,0.85,15311,United Kingdom,5.1
536381,71270,PHOTO CLIP LINE,3,2010-01-12 09:41:00,1.25,15311,United Kingdom,3.75
536381,47580,TEA TIME DES TEA COSY,2,2010-01-12 09:41:00,2.55,15311,United Kingdom,5.1
536381,22261,FELT EGG COSY WHITE RABBIT ,1,2010-01-12 09:41:00,0.85,15311,United Kingdom,0.85
536381,22262,FELT EGG COSY WHITE RABBIT ,61,2010-01-12 09:41:00,0.85,15311,United Kingdom,51.85
536381,22263,FELT EGG COSY WHITE RABBIT ,75,2010-01-12 09:41:00,0.85,15311,United Kingdom,63.75
536381,84832,ZINC WILLIE WINKIE  CANDLE STICK,1,2010-01-12 09:41:00,0.85,15311,United Kingdom,0.85
536381,22644,CERAMIC CHERRY CAKE MONEY BANK,1,2010-01-12 09:41:00,1.45,15311,United Kingdom,1.45
536381,21533,RETROSPOT LARGE MILK JUG,1,2010-01-12 09:41:00,4.95,15311,United Kingdom,4.95
536381,21557,SET OF 6 FUNKY BEAKERS,2,2010-01-12 09:41:00,2.95,15311,United Kingdom,5.9
536381,15056BL,EDWARDIAN PARASOL BLACK,2,2010-01-12 09:41:00,5.95,15311,United Kingdom,11.9
536381,15056N,EDWARDIAN PARASOL NATURAL,2,2010-01-12 09:41:00,5.95,15311,United Kingdom,11.9
536381,22646,CERAMIC STRAWBERRY CAKE MONEY BANK,4,2010-01-12 09:41:00,1.45,15311,United Kingdom,5.8
536381,22176,BLUE OWL SOFT TOY,1,2010-01-12 09:41:00,2.95,15311,United Kingdom,2.95
536381,22438,BALLOON ART MAKE YOUR OWN FLOWERS,1,2010-01-12 09:41:00,1.95,15311,United Kingdom,1.95
536381,21731,RED TOADSTOOL LED NIGHT LIGHT,2,2010-01-12 09:41:00,1.65,15311,United Kingdom,3.3
536381,22778,GLASS CLOCHE SMALL,3,2010-01-12 09:41:00,3.95,15311,United Kingdom,11.850000000000001
536381,22779,GLASS CLOCHE SMALL,16,2010-01-12 09:41:00,3.95,15311,United Kingdom,63.2
536381,22780,GLASS CLOCHE SMALL,34,2010-01-12 09:41:00,3.95,15311,United Kingdom,134.3
536381,22719,GUMBALL MONOCHROME COAT RACK,36,2010-01-12 09:41:00,1.06,15311,United Kingdom,38.160000000000004
536381,21523,DOORMAT FANCY FONT HOME SWEET HOME,10,2010-01-12 09:41:00,6.75,15311,United Kingdom,67.5
536382,10002,INFLATABLE POLITICAL GLOBE ,12,2010-01-12 09:45:00,0.85,16098,United Kingdom,10.2
536382,21912,VINTAGE SNAKES & LADDERS,8,2010-01-12 09:45:00,3.75,16098,United Kingdom,30.0
536382,21832,CHOCOLATE CALCULATOR,12,2010-01-12 09:45:00,1.65,16098,United Kingdom,19.799999999999997
536382,22411,JUMBO SHOPPER VINTAGE RED PAISLEY,10,2010-01-12 09:45:00,1.95,16098,United Kingdom,19.5
536382,22379,RECYCLING BAG RETROSPOT ,10,2010-01-12 09:45:00,2.1,16098,United Kingdom,21.0
536382,22381,TOY TIDY PINK POLKADOT,50,2010-01-12 09:45:00,1.85,16098,United Kingdom,92.5
536382,22798,ANTIQUE GLASS DRESSING TABLE POT,8,2010-01-12 09:45:00,2.95,16098,United Kingdom,23.6
536382,22726,ALARM CLOCK BAKELIKE GREEN,4,2010-01-12 09:45:00,3.75,16098,United Kingdom,15.0
536382,22926,IVORY GIANT GARDEN THERMOMETER,12,2010-01-12 09:45:00,5.95,16098,United Kingdom,71.4
536382,22839,3 TIER CAKE TIN GREEN AND CREAM,2,2010-01-12 09:45:00,14.95,16098,United Kingdom,29.9
536382,22838,3 TIER CAKE TIN RED AND CREAM,2,2010-01-12 09:45:00,14.95,16098,United Kingdom,29.9
536382,22783,SET 3 WICKER OVAL BASKETS W LIDS,4,2010-01-12 09:45:00,16.95,16098,United Kingdom,67.8
536384,82484,WOOD BLACK BOARD ANT WHITE FINISH,3,2010-01-12 09:53:00,6.45,18074,United Kingdom,19.35
536384,84755,COLOUR GLASS T-LIGHT HOLDER HANGING,48,2010-01-12 09:53:00,0.65,18074,United Kingdom,31.200000000000003
536384,22464,HANGING METAL HEART LANTERN,12,2010-01-12 09:53:00,1.65,18074,United Kingdom,19.799999999999997
536384,22465,HANGING METAL HEART LANTERN,21,2010-01-12 09:53:00,1.65,18074,United Kingdom,34.65
536384,22467,HANGING METAL HEART LANTERN,17,2010-01-12 09:53:00,1.65,18074,United Kingdom,28.049999999999997
536384,21324,HANGING MEDINA LANTERN SMALL,6,2010-01-12 09:53:00,2.95,18074,United Kingdom,17.700000000000003
536384,22457,NATURAL SLATE HEART CHALKBOARD ,12,2010-01-12 09:53:00,2.95,18074,United Kingdom,35.400000000000006
536384,22469,HEART OF WICKER SMALL,40,2010-01-12 09:53:00,1.45,18074,United Kingdom,58.0
536384,22470,HEART OF WICKER LARGE,40,2010-01-12 09:53:00,2.55,18074,United Kingdom,102.0
536384,22224,WHITE LOVEBIRD LANTERN,6,2010-01-12 09:53:00,2.95,18074,United Kingdom,17.700000000000003
536384,21340,CLASSIC METAL BIRDCAGE PLANT HOLDER,2,2010-01-12 09:53:00,12.75,18074,United Kingdom,25.5
536384,22189,CREAM HEART CARD HOLDER,4,2010-01-12 09:53:00,3.95,18074,United Kingdom,15.8
536384,22427,ENAMEL FLOWER JUG CREAM,3,2010-01-12 09:53:00,5.95,18074,United Kingdom,17.85
536384,22428,ENAMEL FIRE BUCKET CREAM,6,2010-01-12 09:53:00,6.95,18074,United Kingdom,41.7
536384,22424,ENAMEL BREAD BIN CREAM,8,2010-01-12 09:53:00,10.95,18074,United Kingdom,87.6
536385,22783,SET 3 WICKER OVAL BASKETS W LIDS,1,2010-01-12 09:56:00,19.95,17420,United Kingdom,19.95
536385,22961,JAM MAKING SET PRINTED,12,2010-01-12 09:56:00,1.45,17420,United Kingdom,17.4
536385,22960,JAM MAKING SET WITH JARS,6,2010-01-12 09:56:00,4.25,17420,United Kingdom,25.5
536385,22663,JUMBO BAG DOLLY GIRL DESIGN,10,2010-01-12 09:56:00,1.95,17420,United Kingdom,19.5
536385,85049A,TRADITIONAL CHRISTMAS RIBBONS,12,2010-01-12 09:56:00,1.25,17420,United Kingdom,15.0
536385,22168,ORGANISER WOOD ANTIQUE WHITE ,2,2010-01-12 09:56:00,8.5,17420,United Kingdom,17.0
536385,22662,LUNCH BAG DOLLY GIRL DESIGN,10,2010-01-12 09:56:00,1.65,17420,United Kingdom,16.5
536385,22663,LUNCH BAG DOLLY GIRL DESIGN,43,2010-01-12 09:56:00,1.65,17420,United Kingdom,70.95
536385,22664,LUNCH BAG DOLLY GIRL DESIGN,35,2010-01-12 09:56:00,1.65,17420,United Kingdom,57.75
536386,84880,WHITE WIRE EGG HOLDER,36,2010-01-12 09:57:00,4.95,16029,United Kingdom,178.20000000000002
536386,85099C,JUMBO  BAG BAROQUE BLACK WHITE,100,2010-01-12 09:57:00,1.65,16029,United Kingdom,165.0
536386,85099B,JUMBO BAG RED RETROSPOT,100,2010-01-12 09:57:00,1.65,16029,United Kingdom,165.0
536387,79321,CHILLI LIGHTS,192,2010-01-12 09:58:00,3.82,16029,United Kingdom,733.4399999999999
536387,22780,LIGHT GARLAND BUTTERFILES PINK,192,2010-01-12 09:58:00,3.37,16029,United Kingdom,647.04
536387,22779,WOODEN OWLS LIGHT GARLAND ,192,2010-01-12 09:58:00,3.37,16029,United Kingdom,647.04
536387,22466,FAIRY TALE COTTAGE NIGHTLIGHT,432,2010-01-12 09:58:00,1.45,16029,United Kingdom,626.4
536387,21731,RED TOADSTOOL LED NIGHT LIGHT,432,2010-01-12 09:58:00,1.25,16029,United Kingdom,540.0
536388,21754,HOME BUILDING BLOCK WORD,3,2010-01-12 09:59:00,5.95,16250,United Kingdom,17.85
536388,21755,LOVE BUILDING BLOCK WORD,3,2010-01-12 09:59:00,5.95,16250,United Kingdom,17.85
536388,21523,DOORMAT FANCY FONT HOME SWEET HOME,2,2010-01-12 09:59:00,7.95,16250,United Kingdom,15.9
536388,21363,HOME SMALL WOOD LETTERS,3,2010-01-12 09:59:00,4.95,16250,United Kingdom,14.850000000000001
536388,21411,GINGHAM HEART  DOORSTOP RED,3,2010-01-12 09:59:00,4.25,16250,United Kingdom,12.75
536388,22318,FIVE HEART HANGING DECORATION,6,2010-01-12 09:59:00,2.95,16250,United Kingdom,17.700000000000003
536388,22464,HANGING METAL HEART LANTERN,12,2010-01-12 09:59:00,1.65,16250,United Kingdom,19.799999999999997
536388,22915,ASSORTED BOTTLE TOP  MAGNETS ,12,2010-01-12 09:59:00,0.42,16250,United Kingdom,5.04
536388,22922,FRIDGE MAGNETS US DINER ASSORTED,12,2010-01-12 09:59:00,0.85,16250,United Kingdom,10.2
536388,22969,HOMEMADE JAM SCENTED CANDLES,12,2010-01-12 09:59:00,1.45,16250,United Kingdom,17.4
536388,22923,FRIDGE MAGNETS LES ENFANTS ASSORTED,12,2010-01-12 09:59:00,0.85,16250,United Kingdom,10.2
536388,22924,FRIDGE MAGNETS LES ENFANTS ASSORTED,15,2010-01-12 09:59:00,0.85,16250,United Kingdom,12.75
536388,22925,FRIDGE MAGNETS LES ENFANTS ASSORTED,7,2010-01-12 09:59:00,0.85,16250,United Kingdom,5.95
536388,21115,ROSE CARAVAN DOORSTOP,4,2010-01-12 09:59:00,6.75,16250,United Kingdom,27.0
536388,22469,HEART OF WICKER SMALL,12,2010-01-12 09:59:00,1.65,16250,United Kingdom,19.799999999999997
536388,22242,5 HOOK HANGER MAGIC TOADSTOOL,12,2010-01-12 09:59:00,1.65,16250,United Kingdom,19.799999999999997
536389,22941,CHRISTMAS LIGHTS 10 REINDEER,6,2010-01-12 10:03:00,8.5,12431,Australia,51.0
536389,21622,VINTAGE UNION JACK CUSHION COVER,8,2010-01-12 10:03:00,4.95,12431,Australia,39.6
536389,21791,VINTAGE HEADS AND TAILS CARD GAME ,12,2010-01-12 10:03:00,1.25,12431,Australia,15.0
536389,35004C,SET OF 3 COLOURED  FLYING DUCKS,6,2010-01-12 10:03:00,5.45,12431,Australia,32.7
536389,35004C,SET OF 3 COLOURED  FLYING DUCKS,6,2010-01-12 10:03:00,5.45,12431,Australia,32.7
536389,35004C,SET OF 3 COLOURED  FLYING DUCKS,6,2010-01-12 10:03:00,5.45,12431,Australia,32.7
536389,35004G,SET OF 3 GOLD FLYING DUCKS,4,2010-01-12 10:03:00,6.35,12431,Australia,25.4
536389,85014B,RED RETROSPOT UMBRELLA,6,2010-01-12 10:03:00,5.95,12431,Australia,35.7
536389,85014A,BLACK/BLUE POLKADOT UMBRELLA,3,2010-01-12 10:03:00,5.95,12431,Australia,17.85
536389,22193,RED DINER WALL CLOCK,2,2010-01-12 10:03:00,8.5,12431,Australia,17.0
536389,22726,ALARM CLOCK BAKELIKE GREEN,4,2010-01-12 10:03:00,3.75,12431,Australia,15.0
536389,22727,ALARM CLOCK BAKELIKE GREEN,7,2010-01-12 10:03:00,3.75,12431,Australia,26.25
536389,22728,ALARM CLOCK BAKELIKE GREEN,12,2010-01-12 10:03:00,3.75,12431,Australia,45.0
536389,22727,ALARM CLOCK BAKELIKE RED ,4,2010-01-12 10:03:00,3.75,12431,Australia,15.0
536389,22192,BLUE DINER WALL CLOCK,2,2010-01-12 10:03:00,8.5,12431,Australia,17.0
536389,22191,IVORY DINER WALL CLOCK,2,2010-01-12 10:03:00,8.5,12431,Australia,17.0
536389,22195,LARGE HEART MEASURING SPOONS,24,2010-01-12 10:03:00,1.65,12431,Australia,39.599999999999994
536389,22196,LARGE HEART MEASURING SPOONS,31,2010-01-12 10:03:00,1.65,12431,Australia,51.15
536389,22197,LARGE HEART MEASURING SPOONS,52,2010-01-12 10:03:00,1.65,12431,Australia,85.8
536389,22196,SMALL HEART MEASURING SPOONS,24,2010-01-12 10:03:00,0.85,12431,Australia,20.4
536390,22941,CHRISTMAS LIGHTS 10 REINDEER,2,2010-01-12 10:19:00,8.5,17511,United Kingdom,17.0
536390,22960,JAM MAKING SET WITH JARS,12,2010-01-12 10:19:00,3.75,17511,United Kingdom,45.0
536390,22961,JAM MAKING SET PRINTED,12,2010-01-12 10:19:00,1.45,17511,United Kingdom,17.4
536390,22962,JAM JAR WITH PINK LID,48,2010-01-12 10:19:00,0.72,17511,United Kingdom,34.56
536390,22963,JAM JAR WITH GREEN LID,48,2010-01-12 10:19:00,0.72,17511,United Kingdom,34.56
536390,22968,ROSE COTTAGE KEEPSAKE BOX ,8,2010-01-12 10:19:00,8.5,17511,United Kingdom,68.0
536390,84970S,HANGING HEART ZINC T-LIGHT HOLDER,144,2010-01-12 10:19:00,0.64,17511,United Kingdom,92.16
536390,22910,PAPER CHAIN KIT VINTAGE CHRISTMAS,40,2010-01-12 10:19:00,2.55,17511,United Kingdom,102.0
536390,20668,DISCO BALL CHRISTMAS DECORATION,288,2010-01-12 10:19:00,0.1,17511,United Kingdom,28.8
536390,85123A,WHITE HANGING HEART T-LIGHT HOLDER,64,2010-01-12 10:19:00,2.55,17511,United Kingdom,163.2
536390,22197,SMALL POPCORN HOLDER,100,2010-01-12 10:19:00,0.72,17511,United Kingdom,72.0
536390,22198,LARGE POPCORN HOLDER ,50,2010-01-12 10:19:00,1.45,17511,United Kingdom,72.5
536390,21533,RETROSPOT LARGE MILK JUG,12,2010-01-12 10:19:00,4.25,17511,United Kingdom,51.0
536390,21080,SET/20 RED RETROSPOT PAPER NAPKINS ,96,2010-01-12 10:19:00,0.64,17511,United Kingdom,61.44
536390,21081,SET/20 RED RETROSPOT PAPER NAPKINS ,28,2010-01-12 10:19:00,0.64,17511,United Kingdom,17.92
536390,21094,SET/6 RED SPOTTY PAPER PLATES,96,2010-01-12 10:19:00,0.64,17511,United Kingdom,61.44
536390,21086,SET/6 RED SPOTTY PAPER CUPS,48,2010-01-12 10:19:00,0.65,17511,United Kingdom,31.200000000000003
536390,21786,POLKADOT RAIN HAT ,144,2010-01-12 10:19:00,0.32,17511,United Kingdom,46.08
536390,22654,DELUXE SEWING KIT ,40,2010-01-12 10:19:00,4.95,17511,United Kingdom,198.0
536390,21485,RETROSPOT HEART HOT WATER BOTTLE,24,2010-01-12 10:19:00,4.25,17511,United Kingdom,102.0
536390,84029G,KNITTED UNION FLAG HOT WATER BOTTLE,24,2010-01-12 10:19:00,3.39,17511,United Kingdom,81.36
536390,84030E,ENGLISH ROSE HOT WATER BOTTLE,24,2010-01-12 10:19:00,3.75,17511,United Kingdom,90.0
536390,22174,PHOTO CUBE,48,2010-01-12 10:19:00,1.48,17511,United Kingdom,71.03999999999999
536390,22969,HOMEMADE JAM SCENTED CANDLES,96,2010-01-12 10:19:00,1.25,17511,United Kingdom,120.0
536390,85099B,JUMBO BAG RED RETROSPOT,100,2010-01-12 10:19:00,1.65,17511,United Kingdom,165.0
536392,22150,3 STRIPEY MICE FELTCRAFT,6,2010-01-12 10:29:00,1.95,13705,United Kingdom,11.7
536392,22619,SET OF 6 SOLDIER SKITTLES,4,2010-01-12 10:29:00,3.75,13705,United Kingdom,15.0
536392,21891,TRADITIONAL WOODEN SKIPPING ROPE,12,2010-01-12 10:29:00,1.25,13705,United Kingdom,15.0
536392,21889,WOODEN BOX OF DOMINOES,12,2010-01-12 10:29:00,1.25,13705,United Kingdom,15.0
536392,22827,RUSTIC  SEVENTEEN DRAWER SIDEBOARD,1,2010-01-12 10:29:00,165.0,13705,United Kingdom,165.0
536392,22828,RUSTIC  SEVENTEEN DRAWER SIDEBOARD,52,2010-01-12 10:29:00,165.0,13705,United Kingdom,8580.0
536392,22829,RUSTIC  SEVENTEEN DRAWER SIDEBOARD,47,2010-01-12 10:29:00,165.0,13705,United Kingdom,7755.0
536392,22127,PARTY CONES CARNIVAL ASSORTED,12,2010-01-12 10:29:00,1.25,13705,United Kingdom,15.0
536392,22128,PARTY CONES CANDY ASSORTED,12,2010-01-12 10:29:00,1.25,13705,United Kingdom,15.0
536392,22502,PICNIC BASKET WICKER SMALL,4,2010-01-12 10:29:00,5.95,13705,United Kingdom,23.8
536392,84879,ASSORTED COLOUR BIRD ORNAMENT,16,2010-01-12 10:29:00,1.69,13705,United Kingdom,27.04
536392,22338,STAR DECORATION PAINTED ZINC ,24,2010-01-12 10:29:00,0.65,13705,United Kingdom,15.600000000000001
536393,22180,RETROSPOT LAMP,8,2010-01-12 10:37:00,9.95,13747,United Kingdom,79.6
536394,21506,"FANCY FONT BIRTHDAY CARD, ",24,2010-01-12 10:39:00,0.42,13408,United Kingdom,10.08
536394,22633,HAND WARMER UNION JACK,96,2010-01-12 10:39:00,1.85,13408,United Kingdom,177.60000000000002
536394,22634,HAND WARMER UNION JACK,109,2010-01-12 10:39:00,1.85,13408,United Kingdom,201.65
536394,22866,HAND WARMER SCOTTY DOG DESIGN,96,2010-01-12 10:39:00,1.85,13408,United Kingdom,177.60000000000002
536394,22865,HAND WARMER OWL DESIGN,96,2010-01-12 10:39:00,1.85,13408,United Kingdom,177.60000000000002
536394,22632,HAND WARMER RED RETROSPOT,96,2010-01-12 10:39:00,1.85,13408,United Kingdom,177.60000000000002
536394,21485,RETROSPOT HEART HOT WATER BOTTLE,12,2010-01-12 10:39:00,4.95,13408,United Kingdom,59.400000000000006
536394,22349,DOG BOWL CHASING BALL DESIGN,12,2010-01-12 10:39:00,3.75,13408,United Kingdom,45.0
536394,22558,CLOTHES PEGS RETROSPOT PACK 24 ,48,2010-01-12 10:39:00,1.25,13408,United Kingdom,60.0
536394,85152,HAND OVER THE CHOCOLATE   SIGN ,12,2010-01-12 10:39:00,2.1,13408,United Kingdom,25.200000000000003
536394,85123A,WHITE HANGING HEART T-LIGHT HOLDER,32,2010-01-12 10:39:00,2.55,13408,United Kingdom,81.6
536394,22652,TRAVEL SEWING KIT,20,2010-01-12 10:39:00,1.65,13408,United Kingdom,33.0
536394,22653,TRAVEL SEWING KIT,52,2010-01-12 10:39:00,1.65,13408,United Kingdom,85.8
536394,22655,TRAVEL SEWING KIT,41,2010-01-12 10:39:00,1.65,13408,United Kingdom,67.64999999999999
536395,22188,BLACK HEART CARD HOLDER,8,2010-01-12 10:47:00,3.95,13767,United Kingdom,31.6
536395,84879,ASSORTED COLOUR BIRD ORNAMENT,32,2010-01-12 10:47:00,1.69,13767,United Kingdom,54.08
536395,21977,PACK OF 60 PINK PAISLEY CAKE CASES,24,2010-01-12 10:47:00,0.55,13767,United Kingdom,13.200000000000001
536395,84991,60 TEATIME FAIRY CAKE CASES,24,2010-01-12 10:47:00,0.55,13767,United Kingdom,13.200000000000001
536395,21212,PACK OF 72 RETROSPOT CAKE CASES,24,2010-01-12 10:47:00,0.55,13767,United Kingdom,13.200000000000001
536395,21484,CHICK GREY HOT WATER BOTTLE,8,2010-01-12 10:47:00,3.45,13767,United Kingdom,27.6
536395,21314,SMALL GLASS HEART TRINKET POT,8,2010-01-12 10:47:00,2.1,13767,United Kingdom,16.8
536395,22730,ALARM CLOCK BAKELIKE IVORY,4,2010-01-12 10:47:00,3.75,13767,United Kingdom,15.0
536395,22727,ALARM CLOCK BAKELIKE RED ,8,2010-01-12 10:47:00,3.75,13767,United Kingdom,30.0
536395,22729,ALARM CLOCK BAKELIKE ORANGE,8,2010-01-12 10:47:00,3.75,13767,United Kingdom,30.0
536395,22726,ALARM CLOCK BAKELIKE GREEN,8,2010-01-12 10:47:00,3.75,13767,United Kingdom,30.0
536395,22114,HOT WATER BOTTLE TEA AND SYMPATHY,8,2010-01-12 10:47:00,3.95,13767,United Kingdom,31.6
536395,22867,HAND WARMER BIRD DESIGN,48,2010-01-12 10:47:00,2.1,13767,United Kingdom,100.80000000000001
536395,22866,HAND WARMER SCOTTY DOG DESIGN,48,2010-01-12 10:47:00,2.1,13767,United Kingdom,100.80000000000001
536396,85123A,WHITE HANGING HEART T-LIGHT HOLDER,6,2010-01-12 10:51:00,2.55,17850,United Kingdom,15.299999999999999
536396,71053,WHITE METAL LANTERN,6,2010-01-12 10:51:00,3.39,17850,United Kingdom,20.34
536396,84406B,CREAM CUPID HEARTS COAT HANGER,8,2010-01-12 10:51:00,2.75,17850,United Kingdom,22.0
536396,15056BL,EDWARDIAN PARASOL BLACK,6,2010-01-12 10:51:00,4.95,17850,United Kingdom,29.700000000000003
536396,20679,EDWARDIAN PARASOL RED,6,2010-01-12 10:51:00,4.95,17850,United Kingdom,29.700000000000003
536396,37370,RETRO COFFEE MUGS ASSORTED,6,2010-01-12 10:51:00,1.06,17850,United Kingdom,6.36
536396,21871,SAVE THE PLANET MUG,6,2010-01-12 10:51:00,1.06,17850,United Kingdom,6.36
536396,21071,VINTAGE BILLBOARD DRINK ME MUG,6,2010-01-12 10:51:00,1.06,17850,United Kingdom,6.36
536396,21068,VINTAGE BILLBOARD LOVE/HATE MUG,6,2010-01-12 10:51:00,1.06,17850,United Kingdom,6.36
536396,21069,VINTAGE BILLBOARD LOVE/HATE MUG,27,2010-01-12 10:51:00,1.06,17850,United Kingdom,28.62
536396,21070,VINTAGE BILLBOARD LOVE/HATE MUG,19,2010-01-12 10:51:00,1.06,17850,United Kingdom,20.14
536396,82483,WOOD 2 DRAWER CABINET WHITE FINISH,2,2010-01-12 10:51:00,4.95,17850,United Kingdom,9.9
536396,82486,WOOD S/3 CABINET ANT WHITE FINISH,4,2010-01-12 10:51:00,6.95,17850,United Kingdom,27.8
536396,82482,WOODEN PICTURE FRAME WHITE FINISH,6,2010-01-12 10:51:00,2.1,17850,United Kingdom,12.600000000000001
536396,82494L,WOODEN FRAME ANTIQUE WHITE ,12,2010-01-12 10:51:00,2.55,17850,United Kingdom,30.599999999999998
536396,84029G,KNITTED UNION FLAG HOT WATER BOTTLE,6,2010-01-12 10:51:00,3.39,17850,United Kingdom,20.34
536396,84029E,RED WOOLLY HOTTIE WHITE HEART.,6,2010-01-12 10:51:00,3.39,17850,United Kingdom,20.34
536396,22752,SET 7 BABUSHKA NESTING BOXES,2,2010-01-12 10:51:00,7.65,17850,United Kingdom,15.3
536396,22803,IVORY EMBROIDERED QUILT ,2,2010-01-12 10:51:00,35.75,17850,United Kingdom,71.5
536396,21730,GLASS STAR FROSTED T-LIGHT HOLDER,6,2010-01-12 10:51:00,4.25,17850,United Kingdom,25.5
536397,35004B,SET OF 3 BLACK FLYING DUCKS,12,2010-01-12 10:51:00,4.65,17924,United Kingdom,55.800000000000004
536397,35004C,SET OF 3 COLOURED  FLYING DUCKS,48,2010-01-12 10:51:00,4.65,17924,United Kingdom,223.20000000000002
536398,21980,PACK OF 12 RED RETROSPOT TISSUES ,24,2010-01-12 10:52:00,0.29,13448,United Kingdom,6.959999999999999
536398,21844,RED RETROSPOT MUG,6,2010-01-12 10:52:00,2.95,13448,United Kingdom,17.700000000000003
536398,21845,RED RETROSPOT MUG,52,2010-01-12 10:52:00,2.95,13448,United Kingdom,153.4
536398,21846,RED RETROSPOT MUG,8,2010-01-12 10:52:00,2.95,13448,United Kingdom,23.6
536398,22468,BABUSHKA LIGHTS STRING OF 10,4,2010-01-12 10:52:00,6.75,13448,United Kingdom,27.0
536398,22637,PIGGY BANK RETROSPOT ,8,2010-01-12 10:52:00,2.55,13448,United Kingdom,20.4
536398,22752,SET 7 BABUSHKA NESTING BOXES,6,2010-01-12 10:52:00,8.5,13448,United Kingdom,51.0
536398,48185,DOORMAT FAIRY CAKE,2,2010-01-12 10:52:00,7.95,13448,United Kingdom,15.9
536398,22632,HAND WARMER RED RETROSPOT,12,2010-01-12 10:52:00,2.1,13448,United Kingdom,25.200000000000003
536398,22866,HAND WARMER SCOTTY DOG DESIGN,12,2010-01-12 10:52:00,2.1,13448,United Kingdom,25.200000000000003
536398,22865,HAND WARMER OWL DESIGN,12,2010-01-12 10:52:00,2.1,13448,United Kingdom,25.200000000000003
536398,21232,STRAWBERRY CERAMIC TRINKET BOX,12,2010-01-12 10:52:00,1.25,13448,United Kingdom,15.0
536398,22064,PINK DOUGHNUT TRINKET POT ,12,2010-01-12 10:52:00,1.65,13448,United Kingdom,19.799999999999997
536398,22449,SILK PURSE BABUSHKA PINK,6,2010-01-12 10:52:00,3.35,13448,United Kingdom,20.1
536398,22114,HOT WATER BOTTLE TEA AND SYMPATHY,4,2010-01-12 10:52:00,3.95,13448,United Kingdom,15.8
536398,22835,HOT WATER BOTTLE I AM SO POORLY,8,2010-01-12 10:52:00,4.65,13448,United Kingdom,37.2
536398,22112,CHOCOLATE HOT WATER BOTTLE,9,2010-01-12 10:52:00,4.95,13448,United Kingdom,44.550000000000004
536398,22113,CHOCOLATE HOT WATER BOTTLE,5,2010-01-12 10:52:00,4.95,13448,United Kingdom,24.75
536398,22114,CHOCOLATE HOT WATER BOTTLE,2,2010-01-12 10:52:00,4.95,13448,United Kingdom,9.9
536398,21479,WHITE SKULL HOT WATER BOTTLE ,4,2010-01-12 10:52:00,3.75,13448,United Kingdom,15.0
536398,22111,SCOTTIE DOG HOT WATER BOTTLE,9,2010-01-12 10:52:00,4.95,13448,United Kingdom,44.550000000000004
536399,22632,HAND WARMER RED POLKA DOT,6,2010-01-12 10:52:00,1.85,17850,United Kingdom,11.100000000000001
536399,22633,HAND WARMER UNION JACK,6,2010-01-12 10:52:00,1.85,17850,United Kingdom,11.100000000000001
536400,22969,HOMEMADE JAM SCENTED CANDLES,12,2010-01-12 10:53:00,1.45,13448,United Kingdom,17.4
536401,22110,BIRD HOUSE HOT WATER BOTTLE,1,2010-01-12 11:21:00,2.55,15862,United Kingdom,2.55
536401,22098,BOUDOIR SQUARE TISSUE BOX,1,2010-01-12 11:21:00,1.25,15862,United Kingdom,1.25
536401,22100,SKULLS SQUARE TISSUE BOX,2,2010-01-12 11:21:00,1.25,15862,United Kingdom,2.5
536401,22766,PHOTO FRAME CORNICE,1,2010-01-12 11:21:00,2.95,15862,United Kingdom,2.95
536401,22451,SILK PURSE BABUSHKA RED,1,2010-01-12 11:21:00,3.35,15862,United Kingdom,3.35
536401,22549,PICTURE DOMINOES,1,2010-01-12 11:21:00,1.45,15862,United Kingdom,1.45
536401,84744,S/6 SEW ON CROCHET FLOWERS,1,2010-01-12 11:21:00,1.25,15862,United Kingdom,1.25
536401,85049E,SCANDINAVIAN REDS RIBBONS,2,2010-01-12 11:21:00,1.25,15862,United Kingdom,2.5
536401,21328,BALLOONS  WRITING SET ,1,2010-01-12 11:21:00,1.65,15862,United Kingdom,1.65
536401,22961,JAM MAKING SET PRINTED,4,2010-01-12 11:21:00,1.45,15862,United Kingdom,5.8
536401,17091A,LAVENDER INCENSE IN TIN,1,2010-01-12 11:21:00,1.25,15862,United Kingdom,1.25
536401,22473,TV DINNER TRAY VINTAGE PAISLEY,1,2010-01-12 11:21:00,4.95,15862,United Kingdom,4.95
536401,84509A,SET OF 4 ENGLISH ROSE PLACEMATS,2,2010-01-12 11:21:00,3.75,15862,United Kingdom,7.5
536401,84510A,SET OF 4 ENGLISH ROSE COASTERS,2,2010-01-12 11:21:00,1.25,15862,United Kingdom,2.5
536401,22767,TRIPLE PHOTO FRAME CORNICE ,2,2010-01-12 11:21:00,9.95,15862,United Kingdom,19.9
536401,22768,FAMILY PHOTO FRAME CORNICE,1,2010-01-12 11:21:00,9.95,15862,United Kingdom,9.95
536401,21463,MIRRORED DISCO BALL ,1,2010-01-12 11:21:00,5.95,15862,United Kingdom,5.95
536401,21464,DISCO BALL ROTATOR BATTERY OPERATED,1,2010-01-12 11:21:00,4.25,15862,United Kingdom,4.25
536401,20820,SILVER LOOKING MIRROR,3,2010-01-12 11:21:00,4.95,15862,United Kingdom,14.850000000000001
536401,85150,LADIES & GENTLEMEN METAL SIGN,1,2010-01-12 11:21:00,2.55,15862,United Kingdom,2.55
536401,22117,METAL SIGN HER DINNER IS SERVED ,1,2010-01-12 11:21:00,2.95,15862,United Kingdom,2.95
536401,21169,YOU'RE CONFUSING ME METAL SIGN ,2,2010-01-12 11:21:00,1.69,15862,United Kingdom,3.38
536401,48129,DOORMAT TOPIARY,1,2010-01-12 11:21:00,7.95,15862,United Kingdom,7.95
536401,82580,BATHROOM METAL SIGN,1,2010-01-12 11:21:00,0.55,15862,United Kingdom,0.55
536401,82578,KITCHEN METAL SIGN,1,2010-01-12 11:21:00,0.55,15862,United Kingdom,0.55
536401,82581,TOILET METAL SIGN,2,2010-01-12 11:21:00,0.55,15862,United Kingdom,1.1
536401,22413,METAL SIGN TAKE IT OR LEAVE IT ,4,2010-01-12 11:21:00,2.95,15862,United Kingdom,11.8
536401,21907,I'M ON HOLIDAY METAL SIGN,2,2010-01-12 11:21:00,2.1,15862,United Kingdom,4.2
536401,22441,GROW YOUR OWN BASIL IN ENAMEL MUG,1,2010-01-12 11:21:00,2.1,15862,United Kingdom,2.1
536401,21122,SET/10 PINK POLKADOT PARTY CANDLES,1,2010-01-12 11:21:00,1.25,15862,United Kingdom,1.25
536401,22851,SET 20 NAPKINS FAIRY CAKES DESIGN ,1,2010-01-12 11:21:00,0.85,15862,United Kingdom,0.85
536401,84991,60 TEATIME FAIRY CAKE CASES,3,2010-01-12 11:21:00,0.55,15862,United Kingdom,1.6500000000000001
536401,22810,SET OF 6 T-LIGHTS SNOWMEN,1,2010-01-12 11:21:00,2.95,15862,United Kingdom,2.95
536401,22809,SET OF 6 T-LIGHTS SANTA,1,2010-01-12 11:21:00,2.95,15862,United Kingdom,2.95
536401,22435,SET OF 9 HEART SHAPED BALLOONS,2,2010-01-12 11:21:00,1.25,15862,United Kingdom,2.5
536401,20966,SANDWICH BATH SPONGE,3,2010-01-12 11:21:00,1.25,15862,United Kingdom,3.75
536401,20963,APPLE BATH SPONGE,1,2010-01-12 11:21:00,1.25,15862,United Kingdom,1.25
536401,20961,STRAWBERRY BATH SPONGE ,1,2010-01-12 11:21:00,1.25,15862,United Kingdom,1.25
536401,22068,BLACK PIRATE TREASURE CHEST,2,2010-01-12 11:21:00,1.65,15862,United Kingdom,3.3
536401,21743,STAR PORTABLE TABLE LIGHT ,2,2010-01-12 11:21:00,2.95,15862,United Kingdom,5.9
536401,21744,SNOWFLAKE PORTABLE TABLE LIGHT ,2,2010-01-12 11:21:00,2.95,15862,United Kingdom,5.9
536401,84709B,PINK OVAL JEWELLED MIRROR,1,2010-01-12 11:21:00,5.95,15862,United Kingdom,5.95
536401,21592,RETROSPOT CIGAR BOX MATCHES ,1,2010-01-12 11:21:00,1.25,15862,United Kingdom,1.25
536401,21593,RETROSPOT CIGAR BOX MATCHES ,7,2010-01-12 11:21:00,1.25,15862,United Kingdom,8.75
536401,21594,RETROSPOT CIGAR BOX MATCHES ,53,2010-01-12 11:21:00,1.25,15862,United Kingdom,66.25
536401,21587,COSY HOUR GIANT TUBE MATCHES,2,2010-01-12 11:21:00,2.55,15862,United Kingdom,5.1
536401,20992,JAZZ HEARTS PURSE NOTEBOOK,9,2010-01-12 11:21:00,0.85,15862,United Kingdom,7.6499999999999995
536401,22662,LUNCH BAG DOLLY GIRL DESIGN,1,2010-01-12 11:21:00,1.65,15862,United Kingdom,1.65
536401,85123A,WHITE HANGING HEART T-LIGHT HOLDER,4,2010-01-12 11:21:00,2.95,15862,United Kingdom,11.8
536401,22804,CANDLEHOLDER PINK HANGING HEART,3,2010-01-12 11:21:00,2.95,15862,United Kingdom,8.850000000000001
536401,82483,WOOD 2 DRAWER CABINET WHITE FINISH,1,2010-01-12 11:21:00,5.95,15862,United Kingdom,5.95
536401,20749,ASSORTED COLOUR MINI CASES,1,2010-01-12 11:21:00,7.95,15862,United Kingdom,7.95
536401,20725,LUNCH BAG RED RETROSPOT,1,2010-01-12 11:21:00,1.65,15862,United Kingdom,1.65
536401,22382,LUNCH BAG SPACEBOY DESIGN ,2,2010-01-12 11:21:00,1.65,15862,United Kingdom,3.3
536401,20726,LUNCH BAG WOODLAND,1,2010-01-12 11:21:00,1.65,15862,United Kingdom,1.65
536401,22384,LUNCH BAG PINK POLKADOT,1,2010-01-12 11:21:00,1.65,15862,United Kingdom,1.65
536401,22467,GUMBALL COAT RACK,5,2010-01-12 11:21:00,2.55,15862,United Kingdom,12.75
536401,84625C,BLUE NEW BAROQUE CANDLESTICK CANDLE,3,2010-01-12 11:21:00,2.95,15862,United Kingdom,8.850000000000001
536401,84625A,PINK NEW BAROQUECANDLESTICK CANDLE,3,2010-01-12 11:21:00,2.95,15862,United Kingdom,8.850000000000001
536401,21108,FAIRY CAKE FLANNEL ASSORTED COLOUR,9,2010-01-12 11:21:00,2.55,15862,United Kingdom,22.95
536401,22848,BREAD BIN DINER STYLE PINK,1,2010-01-12 11:21:00,16.95,15862,United Kingdom,16.95
536401,21033,JUMBO BAG CHARLIE AND LOLA TOYS,4,2010-01-12 11:21:00,2.95,15862,United Kingdom,11.8
536401,47570B,TEA TIME TABLE CLOTH,1,2010-01-12 11:21:00,10.65,15862,United Kingdom,10.65
536401,84030E,ENGLISH ROSE HOT WATER BOTTLE,1,2010-01-12 11:21:00,4.25,15862,United Kingdom,4.25
536401,22428,ENAMEL FIRE BUCKET CREAM,2,2010-01-12 11:21:00,6.95,15862,United Kingdom,13.9
536401,22502,PICNIC BASKET WICKER SMALL,2,2010-01-12 11:21:00,5.95,15862,United Kingdom,11.9
536402,22086,PAPER CHAIN KIT 50'S CHRISTMAS ,40,2010-01-12 11:22:00,2.55,15513,United Kingdom,102.0
536402,22910,PAPER CHAIN KIT VINTAGE CHRISTMAS,40,2010-01-12 11:22:00,2.55,15513,United Kingdom,102.0
536402,22837,HOT WATER BOTTLE BABUSHKA ,36,2010-01-12 11:22:00,4.25,15513,United Kingdom,153.0
536403,22867,HAND WARMER BIRD DESIGN,96,2010-01-12 11:27:00,1.85,12791,Netherlands,177.60000000000002
536403,POST,POSTAGE,1,2010-01-12 11:27:00,15.0,12791,Netherlands,15.0
536404,22297,HEART IVORY TRELLIS SMALL,24,2010-01-12 11:29:00,1.25,16218,United Kingdom,30.0
536404,22771,CLEAR DRAWER KNOB ACRYLIC EDWARDIAN,12,2010-01-12 11:29:00,1.25,16218,United Kingdom,15.0
536404,22772,PINK DRAWER KNOB ACRYLIC EDWARDIAN,12,2010-01-12 11:29:00,1.25,16218,United Kingdom,15.0
536404,22773,GREEN DRAWER KNOB ACRYLIC EDWARDIAN,12,2010-01-12 11:29:00,1.25,16218,United Kingdom,15.0
536404,22805,BLUE DRAWER KNOB ACRYLIC EDWARDIAN,12,2010-01-12 11:29:00,1.25,16218,United Kingdom,15.0
536404,22469,HEART OF WICKER SMALL,12,2010-01-12 11:29:00,1.65,16218,United Kingdom,19.799999999999997
536404,22197,SMALL POPCORN HOLDER,36,2010-01-12 11:29:00,0.85,16218,United Kingdom,30.599999999999998
536404,21125,SET 6 FOOTBALL CELEBRATION CANDLES,12,2010-01-12 11:29:00,1.25,16218,United Kingdom,15.0
536404,21126,SET OF 6 GIRLS CELEBRATION CANDLES,12,2010-01-12 11:29:00,1.25,16218,United Kingdom,15.0
536404,85049C,ROMANTIC PINKS RIBBONS ,12,2010-01-12 11:29:00,1.25,16218,United Kingdom,15.0
536404,85049D,BRIGHT BLUES RIBBONS ,12,2010-01-12 11:29:00,1.25,16218,United Kingdom,15.0
536404,85049E,SCANDINAVIAN REDS RIBBONS,12,2010-01-12 11:29:00,1.25,16218,United Kingdom,15.0
536404,85049G,CHOCOLATE BOX RIBBONS ,12,2010-01-12 11:29:00,1.25,16218,United Kingdom,15.0
536404,21061,PARTY INVITES FOOTBALL,12,2010-01-12 11:29:00,0.85,16218,United Kingdom,10.2
536404,21063,PARTY INVITES JAZZ HEARTS,12,2010-01-12 11:29:00,0.85,16218,United Kingdom,10.2
536404,21062,PARTY INVITES SPACEMAN,12,2010-01-12 11:29:00,0.85,16218,United Kingdom,10.2
536404,84380,SET OF 3 BUTTERFLY COOKIE CUTTERS,12,2010-01-12 11:29:00,1.25,16218,United Kingdom,15.0
536404,84378,SET OF 3 HEART COOKIE CUTTERS,12,2010-01-12 11:29:00,1.25,16218,United Kingdom,15.0
536404,22964,3 PIECE SPACEBOY COOKIE CUTTER SET,12,2010-01-12 11:29:00,2.1,16218,United Kingdom,25.200000000000003
536404,21213,PACK OF 72 SKULL CAKE CASES,24,2010-01-12 11:29:00,0.55,16218,United Kingdom,13.200000000000001
536404,22417,PACK OF 60 SPACEBOY CAKE CASES,24,2010-01-12 11:29:00,0.55,16218,United Kingdom,13.200000000000001
536404,21212,PACK OF 72 RETROSPOT CAKE CASES,24,2010-01-12 11:29:00,0.55,16218,United Kingdom,13.200000000000001
536404,84992,72 SWEETHEART FAIRY CAKE CASES,24,2010-01-12 11:29:00,0.55,16218,United Kingdom,13.200000000000001
536404,21975,PACK OF 60 DINOSAUR CAKE CASES,24,2010-01-12 11:29:00,0.55,16218,United Kingdom,13.200000000000001
536404,22383,LUNCH BAG SUKI  DESIGN ,10,2010-01-12 11:29:00,1.65,16218,United Kingdom,16.5
536404,20728,LUNCH BAG CARS BLUE,10,2010-01-12 11:29:00,1.65,16218,United Kingdom,16.5
536404,20727,LUNCH BAG  BLACK SKULL.,10,2010-01-12 11:29:00,1.65,16218,United Kingdom,16.5
536404,22296,HEART IVORY TRELLIS LARGE,24,2010-01-12 11:29:00,1.65,16218,United Kingdom,39.599999999999994
536405,20914,SET/5 RED RETROSPOT LID GLASS BOWLS,128,2010-01-12 11:32:00,2.55,14045,United Kingdom,326.4
536406,85123A,WHITE HANGING HEART T-LIGHT HOLDER,8,2010-01-12 11:33:00,2.55,17850,United Kingdom,20.4
536406,71053,WHITE METAL LANTERN,8,2010-01-12 11:33:00,3.39,17850,United Kingdom,27.12
536406,84406B,CREAM CUPID HEARTS COAT HANGER,8,2010-01-12 11:33:00,2.75,17850,United Kingdom,22.0
536406,20679,EDWARDIAN PARASOL RED,6,2010-01-12 11:33:00,4.95,17850,United Kingdom,29.700000000000003
536406,37370,RETRO COFFEE MUGS ASSORTED,6,2010-01-12 11:33:00,1.06,17850,United Kingdom,6.36
536406,21871,SAVE THE PLANET MUG,6,2010-01-12 11:33:00,1.06,17850,United Kingdom,6.36
536406,21071,VINTAGE BILLBOARD DRINK ME MUG,6,2010-01-12 11:33:00,1.06,17850,United Kingdom,6.36
536406,21068,VINTAGE BILLBOARD LOVE/HATE MUG,6,2010-01-12 11:33:00,1.06,17850,United Kingdom,6.36
536406,82483,WOOD 2 DRAWER CABINET WHITE FINISH,4,2010-01-12 11:33:00,4.95,17850,United Kingdom,19.8
536406,82486,WOOD S/3 CABINET ANT WHITE FINISH,4,2010-01-12 11:33:00,6.95,17850,United Kingdom,27.8
536406,82482,WOODEN PICTURE FRAME WHITE FINISH,6,2010-01-12 11:33:00,2.1,17850,United Kingdom,12.600000000000001
536406,82494L,WOODEN FRAME ANTIQUE WHITE ,6,2010-01-12 11:33:00,2.55,17850,United Kingdom,15.299999999999999
536406,84029G,KNITTED UNION FLAG HOT WATER BOTTLE,6,2010-01-12 11:33:00,3.39,17850,United Kingdom,20.34
536406,84029E,RED WOOLLY HOTTIE WHITE HEART.,6,2010-01-12 11:33:00,3.39,17850,United Kingdom,20.34
536406,22752,SET 7 BABUSHKA NESTING BOXES,2,2010-01-12 11:33:00,7.65,17850,United Kingdom,15.3
536406,22803,IVORY EMBROIDERED QUILT ,2,2010-01-12 11:33:00,35.75,17850,United Kingdom,71.5
536406,21730,GLASS STAR FROSTED T-LIGHT HOLDER,6,2010-01-12 11:33:00,4.25,17850,United Kingdom,25.5
536407,22632,HAND WARMER RED POLKA DOT,6,2010-01-12 11:34:00,1.85,17850,United Kingdom,11.100000000000001
536407,22633,HAND WARMER UNION JACK,6,2010-01-12 11:34:00,1.85,17850,United Kingdom,11.100000000000001
536408,22537,MAGIC DRAWING SLATE DINOSAUR,24,2010-01-12 11:41:00,0.42,14307,United Kingdom,10.08
536408,22533,MAGIC DRAWING SLATE BAKE A CAKE ,24,2010-01-12 11:41:00,0.42,14307,United Kingdom,10.08
536408,20982,12 PENCILS TALL TUBE SKULLS,12,2010-01-12 11:41:00,0.85,14307,United Kingdom,10.2
536408,21832,CHOCOLATE CALCULATOR,12,2010-01-12 11:41:00,1.65,14307,United Kingdom,19.799999999999997
536408,21915,RED  HARMONICA IN BOX ,12,2010-01-12 11:41:00,1.25,14307,United Kingdom,15.0
536408,21914,BLUE HARMONICA IN BOX ,12,2010-01-12 11:41:00,1.25,14307,United Kingdom,15.0
536408,21544,SKULLS  WATER TRANSFER TATTOOS ,12,2010-01-12 11:41:00,0.85,14307,United Kingdom,10.2
536408,22813,PACK 3 BOXES BIRD PANNETONE ,12,2010-01-12 11:41:00,1.95,14307,United Kingdom,23.4
536408,22114,HOT WATER BOTTLE TEA AND SYMPATHY,4,2010-01-12 11:41:00,3.95,14307,United Kingdom,15.8
536408,84029E,RED WOOLLY HOTTIE WHITE HEART.,4,2010-01-12 11:41:00,3.75,14307,United Kingdom,15.0
536408,21479,WHITE SKULL HOT WATER BOTTLE ,4,2010-01-12 11:41:00,3.75,14307,United Kingdom,15.0
536408,22964,3 PIECE SPACEBOY COOKIE CUTTER SET,6,2010-01-12 11:41:00,2.1,14307,United Kingdom,12.600000000000001
536408,84375,SET OF 20 KIDS COOKIE CUTTERS,12,2010-01-12 11:41:00,2.1,14307,United Kingdom,25.200000000000003
536408,22418,10 COLOUR SPACEBOY PEN,24,2010-01-12 11:41:00,0.85,14307,United Kingdom,20.4
536408,22178,VICTORIAN GLASS HANGING T-LIGHT,12,2010-01-12 11:41:00,1.25,14307,United Kingdom,15.0
536408,84970L,SINGLE HEART ZINC T-LIGHT HOLDER,12,2010-01-12 11:41:00,0.95,14307,United Kingdom,11.399999999999999
536408,21733,RED HANGING HEART T-LIGHT HOLDER,6,2010-01-12 11:41:00,2.95,14307,United Kingdom,17.700000000000003
536408,22465,HANGING METAL STAR LANTERN,12,2010-01-12 11:41:00,1.65,14307,United Kingdom,19.799999999999997
536408,84949,SILVER HANGING T-LIGHT HOLDER,6,2010-01-12 11:41:00,1.65,14307,United Kingdom,9.899999999999999
536408,20685,DOORMAT RED RETROSPOT,2,2010-01-12 11:41:00,7.95,14307,United Kingdom,15.9
536408,20686,DOORMAT RED RETROSPOT,4,2010-01-12 11:41:00,7.95,14307,United Kingdom,31.8
536408,20687,DOORMAT RED RETROSPOT,12,2010-01-12 11:41:00,7.95,14307,United Kingdom,95.4
536408,48194,DOORMAT HEARTS,2,2010-01-12 11:41:00,7.95,14307,United Kingdom,15.9
536408,22488,NATURAL SLATE RECTANGLE CHALKBOARD,12,2010-01-12 11:41:00,1.65,14307,United Kingdom,19.799999999999997
536408,22219,LOVEBIRD HANGING DECORATION WHITE ,12,2010-01-12 11:41:00,0.85,14307,United Kingdom,10.2
536408,84879,ASSORTED COLOUR BIRD ORNAMENT,8,2010-01-12 11:41:00,1.69,14307,United Kingdom,13.52
536408,21754,HOME BUILDING BLOCK WORD,3,2010-01-12 11:41:00,5.95,14307,United Kingdom,17.85
536408,21755,LOVE BUILDING BLOCK WORD,3,2010-01-12 11:41:00,5.95,14307,United Kingdom,17.85
536408,22766,PHOTO FRAME CORNICE,8,2010-01-12 11:41:00,2.95,14307,United Kingdom,23.6
536408,22610,PENS ASSORTED FUNNY FACE,36,2010-01-12 11:41:00,0.85,14307,United Kingdom,30.599999999999998
536408,22716,CARD CIRCUS PARADE,12,2010-01-12 11:41:00,0.42,14307,United Kingdom,5.04
536408,22706,WRAP COWBOYS  ,25,2010-01-12 11:41:00,0.42,14307,United Kingdom,10.5
536408,22371,AIRLINE BAG VINTAGE TOKYO 78,4,2010-01-12 11:41:00,4.25,14307,United Kingdom,17.0
536408,85014B,RED RETROSPOT UMBRELLA,3,2010-01-12 11:41:00,5.95,14307,United Kingdom,17.85
536408,85014A,BLACK/BLUE POLKADOT UMBRELLA,3,2010-01-12 11:41:00,5.95,14307,United Kingdom,17.85
536408,84997B,RED 3 PIECE RETROSPOT CUTLERY SET,6,2010-01-12 11:41:00,3.75,14307,United Kingdom,22.5
536408,21212,PACK OF 72 RETROSPOT CAKE CASES,24,2010-01-12 11:41:00,0.55,14307,United Kingdom,13.200000000000001
536408,21210,SET OF 72 RETROSPOT PAPER  DOILIES,12,2010-01-12 11:41:00,1.45,14307,United Kingdom,17.4
536408,22914,BLUE COAT RACK PARIS FASHION,3,2010-01-12 11:41:00,4.95,14307,United Kingdom,14.850000000000001
536408,22553,PLASTERS IN TIN SKULLS,12,2010-01-12 11:41:00,1.65,14307,United Kingdom,19.799999999999997
536408,16237,SLEEPING CAT ERASERS,30,2010-01-12 11:41:00,0.21,14307,United Kingdom,6.3
536408,22714,CARD BIRTHDAY COWBOY,12,2010-01-12 11:41:00,0.42,14307,United Kingdom,5.04
536408,22812,PACK 3 BOXES CHRISTMAS PANNETONE,12,2010-01-12 11:41:00,1.95,14307,United Kingdom,23.4
536408,84347,ROTATING SILVER ANGELS T-LIGHT HLDR,6,2010-01-12 11:41:00,2.55,14307,United Kingdom,15.299999999999999
536408,21587,COSY HOUR GIANT TUBE MATCHES,12,2010-01-12 11:41:00,2.55,14307,United Kingdom,30.599999999999998
536408,22736,RIBBON REEL MAKING SNOWMEN ,10,2010-01-12 11:41:00,1.65,14307,United Kingdom,16.5
536408,22492,MINI PAINT SET VINTAGE ,36,2010-01-12 11:41:00,0.65,14307,United Kingdom,23.400000000000002
536408,22620,4 TRADITIONAL SPINNING TOPS,12,2010-01-12 11:41:00,1.25,14307,United Kingdom,15.0
536408,22619,SET OF 6 SOLDIER SKITTLES,4,2010-01-12 11:41:00,3.75,14307,United Kingdom,15.0
536408,21705,BAG 500g SWIRLY MARBLES,12,2010-01-12 11:41:00,1.65,14307,United Kingdom,19.799999999999997
536409,90199C,5 STRAND GLASS NECKLACE CRYSTAL,3,2010-01-12 11:45:00,6.35,17908,United Kingdom,19.049999999999997
536409,21479,WHITE SKULL HOT WATER BOTTLE ,1,2010-01-12 11:45:00,3.75,17908,United Kingdom,3.75
536409,22111,SCOTTIE DOG HOT WATER BOTTLE,1,2010-01-12 11:45:00,4.95,17908,United Kingdom,4.95
536409,22785,SQUARECUSHION COVER PINK UNION FLAG,1,2010-01-12 11:45:00,6.75,17908,United Kingdom,6.75
536409,22975,SPACEBOY CHILDRENS EGG CUP,1,2010-01-12 11:45:00,1.25,17908,United Kingdom,1.25
536409,22972,CHILDREN'S SPACEBOY MUG,1,2010-01-12 11:45:00,1.65,17908,United Kingdom,1.65
536409,22866,HAND WARMER SCOTTY DOG DESIGN,1,2010-01-12 11:45:00,2.1,17908,United Kingdom,2.1
536409,22568,FELTCRAFT CUSHION OWL,1,2010-01-12 11:45:00,3.75,17908,United Kingdom,3.75
536409,85116,BLACK CANDELABRA T-LIGHT HOLDER,1,2010-01-12 11:45:00,2.1,17908,United Kingdom,2.1
536409,22664,TOY TIDY DOLLY GIRL DESIGN,1,2010-01-12 11:45:00,2.1,17908,United Kingdom,2.1
536409,21609,SET 12 LAVENDER  BOTANICAL T-LIGHTS,1,2010-01-12 11:45:00,2.95,17908,United Kingdom,2.95
536409,21866,UNION JACK FLAG LUGGAGE TAG,1,2010-01-12 11:45:00,1.25,17908,United Kingdom,1.25
536409,20669,RED HEART LUGGAGE TAG,1,2010-01-12 11:45:00,1.25,17908,United Kingdom,1.25
536409,90129F,RED GLASS TASSLE BAG CHARM,1,2010-01-12 11:45:00,2.95,17908,United Kingdom,2.95
536409,90210B,CLEAR ACRYLIC FACETED BANGLE,1,2010-01-12 11:45:00,2.95,17908,United Kingdom,2.95
536409,90199C,5 STRAND GLASS NECKLACE CRYSTAL,1,2010-01-12 11:45:00,6.35,17908,United Kingdom,6.35
536409,21955,DOORMAT UNION JACK GUNS AND ROSES,1,2010-01-12 11:45:00,7.95,17908,United Kingdom,7.95
536409,72802C,VANILLA SCENT CANDLE JEWELLED BOX,1,2010-01-12 11:45:00,4.25,17908,United Kingdom,4.25
536409,22109,FULL ENGLISH BREAKFAST PLATE,1,2010-01-12 11:45:00,3.75,17908,United Kingdom,3.75
536409,85116,BLACK CANDELABRA T-LIGHT HOLDER,5,2010-01-12 11:45:00,2.1,17908,United Kingdom,10.5
536409,22531,MAGIC DRAWING SLATE CIRCUS PARADE  ,1,2010-01-12 11:45:00,0.42,17908,United Kingdom,0.42
536409,21811,CHRISTMAS HANGING HEART WITH BELL,1,2010-01-12 11:45:00,1.25,17908,United Kingdom,1.25
536409,22183,CAKE STAND VICTORIAN FILIGREE MED,1,2010-01-12 11:45:00,6.75,17908,United Kingdom,6.75
536409,21678,PAISLEY PATTERN  STICKERS,6,2010-01-12 11:45:00,0.85,17908,United Kingdom,5.1
536409,21676,FLOWERS  STICKERS,6,2010-01-12 11:45:00,0.85,17908,United Kingdom,5.1
536409,84625A,PINK NEW BAROQUECANDLESTICK CANDLE,1,2010-01-12 11:45:00,2.95,17908,United Kingdom,2.95
536409,84625C,BLUE NEW BAROQUE CANDLESTICK CANDLE,3,2010-01-12 11:45:00,2.95,17908,United Kingdom,8.850000000000001
536409,21931,JUMBO STORAGE BAG SUKI,2,2010-01-12 11:45:00,1.95,17908,United Kingdom,3.9
536409,85169B,BLACK LOVE BIRD CANDLE,12,2010-01-12 11:45:00,1.25,17908,United Kingdom,15.0
536409,16238,PARTY TIME PENCIL ERASERS,28,2010-01-12 11:45:00,0.21,17908,United Kingdom,5.88
536409,20668,DISCO BALL CHRISTMAS DECORATION,24,2010-01-12 11:45:00,0.12,17908,United Kingdom,2.88
536409,84906,PINK B'FLY C/COVER W BOBBLES,1,2010-01-12 11:45:00,5.95,17908,United Kingdom,5.95
536409,21867,PINK UNION JACK  LUGGAGE TAG,1,2010-01-12 11:45:00,1.25,17908,United Kingdom,1.25
536409,22075,6 RIBBONS ELEGANT CHRISTMAS ,1,2010-01-12 11:45:00,1.65,17908,United Kingdom,1.65
536409,21866,UNION JACK FLAG LUGGAGE TAG,1,2010-01-12 11:45:00,1.25,17908,United Kingdom,1.25
536409,21326,AGED GLASS SILVER T-LIGHT HOLDER,12,2010-01-12 11:45:00,0.65,17908,United Kingdom,7.800000000000001
536409,21065,BOOM BOX SPEAKER GIRLS,1,2010-01-12 11:45:00,5.95,17908,United Kingdom,5.95
536409,22074,6 RIBBONS SHIMMERING PINKS ,1,2010-01-12 11:45:00,1.65,17908,United Kingdom,1.65
536409,22900, SET 2 TEA TOWELS I LOVE LONDON ,1,2010-01-12 11:45:00,2.95,17908,United Kingdom,2.95
536409,22901, SET 2 TEA TOWELS I LOVE LONDON ,21,2010-01-12 11:45:00,2.95,17908,United Kingdom,61.95
536409,22902, SET 2 TEA TOWELS I LOVE LONDON ,6,2010-01-12 11:45:00,2.95,17908,United Kingdom,17.700000000000003
536409,20713,JUMBO BAG OWLS,1,2010-01-12 11:45:00,1.95,17908,United Kingdom,1.95
536409,20966,SANDWICH BATH SPONGE,2,2010-01-12 11:45:00,1.25,17908,United Kingdom,2.5
536409,21116,OWL DOORSTOP,1,2010-01-12 11:45:00,4.95,17908,United Kingdom,4.95
536409,90199C,5 STRAND GLASS NECKLACE CRYSTAL,2,2010-01-12 11:45:00,6.35,17908,United Kingdom,12.7
536409,22633,HAND WARMER UNION JACK,1,2010-01-12 11:45:00,2.1,17908,United Kingdom,2.1
536409,22866,HAND WARMER SCOTTY DOG DESIGN,1,2010-01-12 11:45:00,2.1,17908,United Kingdom,2.1
536409,22198,LARGE POPCORN HOLDER ,1,2010-01-12 11:45:00,1.65,17908,United Kingdom,1.65
536409,21824,PAINTED METAL STAR WITH HOLLY BELLS,3,2010-01-12 11:45:00,1.45,17908,United Kingdom,4.35
536409,21823,PAINTED METAL HEART WITH HOLLY BELL,3,2010-01-12 11:45:00,1.45,17908,United Kingdom,4.35
536409,22153,ANGEL DECORATION STARS ON DRESS,6,2010-01-12 11:45:00,0.42,17908,United Kingdom,2.52
536409,22197,SMALL POPCORN HOLDER,2,2010-01-12 11:45:00,0.85,17908,United Kingdom,1.7
536409,85099B,JUMBO BAG RED RETROSPOT,2,2010-01-12 11:45:00,1.95,17908,United Kingdom,3.9
536409,85099F,JUMBO BAG STRAWBERRY,1,2010-01-12 11:45:00,1.95,17908,United Kingdom,1.95
536409,20717,STRAWBERRY SHOPPER BAG,1,2010-01-12 11:45:00,1.25,17908,United Kingdom,1.25
536409,20723,STRAWBERRY CHARLOTTE BAG,1,2010-01-12 11:45:00,0.85,17908,United Kingdom,0.85
536409,22900, SET 2 TEA TOWELS I LOVE LONDON ,1,2010-01-12 11:45:00,2.95,17908,United Kingdom,2.95
536409,21980,PACK OF 12 RED RETROSPOT TISSUES ,12,2010-01-12 11:45:00,0.29,17908,United Kingdom,3.4799999999999995
536409,22111,SCOTTIE DOG HOT WATER BOTTLE,1,2010-01-12 11:45:00,4.95,17908,United Kingdom,4.95
536409,22112,CHOCOLATE HOT WATER BOTTLE,1,2010-01-12 11:45:00,4.95,17908,United Kingdom,4.95
536412,20728,LUNCH BAG CARS BLUE,3,2010-01-12 11:49:00,1.65,17920,United Kingdom,4.949999999999999
536412,22382,LUNCH BAG SPACEBOY DESIGN ,3,2010-01-12 11:49:00,1.65,17920,United Kingdom,4.949999999999999
536412,22326,ROUND SNACK BOXES SET OF4 WOODLAND ,1,2010-01-12 11:49:00,2.95,17920,United Kingdom,2.95
536412,22662,LUNCH BAG DOLLY GIRL DESIGN,4,2010-01-12 11:49:00,1.65,17920,United Kingdom,6.6
536412,22383,LUNCH BAG SUKI  DESIGN ,3,2010-01-12 11:49:00,1.65,17920,United Kingdom,4.949999999999999
536412,20727,LUNCH BAG  BLACK SKULL.,3,2010-01-12 11:49:00,1.65,17920,United Kingdom,4.949999999999999
536412,22328,ROUND SNACK BOXES SET OF 4 FRUITS ,1,2010-01-12 11:49:00,2.95,17920,United Kingdom,2.95
536412,22327,ROUND SNACK BOXES SET OF 4 SKULLS,1,2010-01-12 11:49:00,2.95,17920,United Kingdom,2.95
536412,22630,DOLLY GIRL LUNCH BOX,1,2010-01-12 11:49:00,1.95,17920,United Kingdom,1.95
536412,22629,SPACEBOY LUNCH BOX ,1,2010-01-12 11:49:00,1.95,17920,United Kingdom,1.95
536412,21245,GREEN POLKADOT PLATE ,1,2010-01-12 11:49:00,1.69,17920,United Kingdom,1.69
536412,21244,BLUE POLKADOT PLATE ,1,2010-01-12 11:49:00,1.69,17920,United Kingdom,1.69
536412,21246,BLUE POLKADOT PLATE ,16,2010-01-12 11:49:00,1.69,17920,United Kingdom,27.04
536412,21242,RED RETROSPOT PLATE ,1,2010-01-12 11:49:00,1.69,17920,United Kingdom,1.69
536412,21243,PINK  POLKADOT PLATE ,1,2010-01-12 11:49:00,1.69,17920,United Kingdom,1.69
536412,22327,ROUND SNACK BOXES SET OF 4 SKULLS,1,2010-01-12 11:49:00,2.95,17920,United Kingdom,2.95
536412,22273,FELTCRAFT DOLL MOLLY,1,2010-01-12 11:49:00,2.95,17920,United Kingdom,2.95
536412,22940,FELTCRAFT CHRISTMAS FAIRY,3,2010-01-12 11:49:00,4.25,17920,United Kingdom,12.75
536412,22652,TRAVEL SEWING KIT,5,2010-01-12 11:49:00,1.65,17920,United Kingdom,8.25
536412,22759,SET OF 3 NOTEBOOKS IN PARCEL,1,2010-01-12 11:49:00,1.65,17920,United Kingdom,1.65
536412,21880,RED RETROSPOT TAPE,10,2010-01-12 11:49:00,0.65,17920,United Kingdom,6.5
536412,21738,COSY SLIPPER SHOES SMALL  RED ,1,2010-01-12 11:49:00,2.95,17920,United Kingdom,2.95
536412,22077,6 RIBBONS RUSTIC CHARM,1,2010-01-12 11:49:00,1.65,17920,United Kingdom,1.65
536412,85049E,SCANDINAVIAN REDS RIBBONS,3,2010-01-12 11:49:00,1.25,17920,United Kingdom,3.75
536412,22961,JAM MAKING SET PRINTED,24,2010-01-12 11:49:00,1.45,17920,United Kingdom,34.8
536412,21448,12 DAISY PEGS IN WOOD BOX,2,2010-01-12 11:49:00,1.65,17920,United Kingdom,3.3
536412,22837,HOT WATER BOTTLE BABUSHKA ,3,2010-01-12 11:49:00,4.65,17920,United Kingdom,13.950000000000001
536412,22749,FELTCRAFT PRINCESS CHARLOTTE DOLL,2,2010-01-12 11:49:00,3.75,17920,United Kingdom,7.5
536412,22940,FELTCRAFT CHRISTMAS FAIRY,1,2010-01-12 11:49:00,4.25,17920,United Kingdom,4.25
536412,22749,FELTCRAFT PRINCESS CHARLOTTE DOLL,1,2010-01-12 11:49:00,3.75,17920,United Kingdom,3.75
536412,22077,6 RIBBONS RUSTIC CHARM,2,2010-01-12 11:49:00,1.65,17920,United Kingdom,3.3
536412,21738,COSY SLIPPER SHOES SMALL  RED ,2,2010-01-12 11:49:00,2.95,17920,United Kingdom,5.9
536412,85049E,SCANDINAVIAN REDS RIBBONS,1,2010-01-12 11:49:00,1.25,17920,United Kingdom,1.25
536412,22243,5 HOOK HANGER RED MAGIC TOADSTOOL,6,2010-01-12 11:49:00,1.65,17920,United Kingdom,9.899999999999999
536412,22141,CHRISTMAS CRAFT TREE TOP ANGEL,1,2010-01-12 11:49:00,2.1,17920,United Kingdom,2.1
536412,22144,CHRISTMAS CRAFT LITTLE FRIENDS,2,2010-01-12 11:49:00,2.1,17920,United Kingdom,4.2
536412,22243,5 HOOK HANGER RED MAGIC TOADSTOOL,3,2010-01-12 11:49:00,1.65,17920,United Kingdom,4.949999999999999
536412,22077,6 RIBBONS RUSTIC CHARM,7,2010-01-12 11:49:00,1.65,17920,United Kingdom,11.549999999999999
536412,21448,12 DAISY PEGS IN WOOD BOX,1,2010-01-12 11:49:00,1.65,17920,United Kingdom,1.65
536412,22759,SET OF 3 NOTEBOOKS IN PARCEL,5,2010-01-12 11:49:00,1.65,17920,United Kingdom,8.25
536412,22242,5 HOOK HANGER MAGIC TOADSTOOL,5,2010-01-12 11:49:00,1.65,17920,United Kingdom,8.25
536412,85049E,SCANDINAVIAN REDS RIBBONS,12,2010-01-12 11:49:00,1.25,17920,United Kingdom,15.0
536412,21731,RED TOADSTOOL LED NIGHT LIGHT,5,2010-01-12 11:49:00,1.65,17920,United Kingdom,8.25
536412,22243,5 HOOK HANGER RED MAGIC TOADSTOOL,1,2010-01-12 11:49:00,1.65,17920,United Kingdom,1.65
536412,22244,5 HOOK HANGER RED MAGIC TOADSTOOL,15,2010-01-12 11:49:00,1.65,17920,United Kingdom,24.75
536412,21739,COSY SLIPPER SHOES SMALL GREEN,2,2010-01-12 11:49:00,2.95,17920,United Kingdom,5.9
536412,21738,COSY SLIPPER SHOES SMALL  RED ,5,2010-01-12 11:49:00,2.95,17920,United Kingdom,14.75
536412,22271,FELTCRAFT DOLL ROSIE,2,2010-01-12 11:49:00,2.95,17920,United Kingdom,5.9
536412,22273,FELTCRAFT DOLL MOLLY,1,2010-01-12 11:49:00,2.95,17920,United Kingdom,2.95
536412,22274,FELTCRAFT DOLL EMILY,2,2010-01-12 11:49:00,2.95,17920,United Kingdom,5.9
536412,22749,FELTCRAFT PRINCESS CHARLOTTE DOLL,1,2010-01-12 11:49:00,3.75,17920,United Kingdom,3.75
536412,22751,FELTCRAFT PRINCESS OLIVIA DOLL,2,2010-01-12 11:49:00,3.75,17920,United Kingdom,7.5
536412,21034,REX CASH+CARRY JUMBO SHOPPER,1,2010-01-12 11:49:00,0.95,17920,United Kingdom,0.95
536412,22273,FELTCRAFT DOLL MOLLY,2,2010-01-12 11:49:00,2.95,17920,United Kingdom,5.9
536412,22568,FELTCRAFT CUSHION OWL,3,2010-01-12 11:49:00,3.75,17920,United Kingdom,11.25
536412,22141,CHRISTMAS CRAFT TREE TOP ANGEL,1,2010-01-12 11:49:00,2.1,17920,United Kingdom,2.1
536412,22144,CHRISTMAS CRAFT LITTLE FRIENDS,1,2010-01-12 11:49:00,2.1,17920,United Kingdom,2.1
536412,22570,FELTCRAFT CUSHION RABBIT,3,2010-01-12 11:49:00,3.75,17920,United Kingdom,11.25
536412,22569,FELTCRAFT CUSHION BUTTERFLY,2,2010-01-12 11:49:00,3.75,17920,United Kingdom,7.5
536412,21448,12 DAISY PEGS IN WOOD BOX,1,2010-01-12 11:49:00,1.65,17920,United Kingdom,1.65
536412,22086,PAPER CHAIN KIT 50'S CHRISTMAS ,1,2010-01-12 11:49:00,2.95,17920,United Kingdom,2.95
536412,22569,FELTCRAFT CUSHION BUTTERFLY,2,2010-01-12 11:49:00,3.75,17920,United Kingdom,7.5
536412,21448,12 DAISY PEGS IN WOOD BOX,2,2010-01-12 11:49:00,1.65,17920,United Kingdom,3.3
536412,22968,ROSE COTTAGE KEEPSAKE BOX ,4,2010-01-12 11:49:00,9.95,17920,United Kingdom,39.8
536412,22902,TOTE BAG I LOVE LONDON,7,2010-01-12 11:49:00,2.1,17920,United Kingdom,14.700000000000001
536412,21448,12 DAISY PEGS IN WOOD BOX,2,2010-01-12 11:49:00,1.65,17920,United Kingdom,3.3
536412,22902,TOTE BAG I LOVE LONDON,7,2010-01-12 11:49:00,2.1,17920,United Kingdom,14.700000000000001
536412,21710,FOLDING UMBRELLA PINKWHITE POLKADOT,1,2010-01-12 11:49:00,4.95,17920,United Kingdom,4.95
536412,21711,FOLDING UMBRELLA PINKWHITE POLKADOT,10,2010-01-12 11:49:00,4.95,17920,United Kingdom,49.5
536412,21712,FOLDING UMBRELLA PINKWHITE POLKADOT,25,2010-01-12 11:49:00,4.95,17920,United Kingdom,123.75
536412,21708,FOLDING UMBRELLA CREAM POLKADOT,1,2010-01-12 11:49:00,4.95,17920,United Kingdom,4.95
536412,21711,FOLDING UMBRELLA WHITE/RED POLKADOT,1,2010-01-12 11:49:00,4.95,17920,United Kingdom,4.95
536412,22179,SET 10 LIGHTS NIGHT OWL,2,2010-01-12 11:49:00,6.75,17920,United Kingdom,13.5
536412,22197,SMALL POPCORN HOLDER,5,2010-01-12 11:49:00,0.85,17920,United Kingdom,4.25
536412,22900, SET 2 TEA TOWELS I LOVE LONDON ,2,2010-01-12 11:49:00,2.95,17920,United Kingdom,5.9
536412,21706,FOLDING UMBRELLA RED/WHITE POLKADOT,1,2010-01-12 11:49:00,4.95,17920,United Kingdom,4.95
536412,22468,BABUSHKA LIGHTS STRING OF 10,2,2010-01-12 11:49:00,6.75,17920,United Kingdom,13.5
536412,20725,LUNCH BAG RED RETROSPOT,1,2010-01-12 11:49:00,1.65,17920,United Kingdom,1.65
536412,85184C,S/4 VALENTINE DECOUPAGE HEART BOX,1,2010-01-12 11:49:00,2.95,17920,United Kingdom,2.95
536412,21708,FOLDING UMBRELLA CREAM POLKADOT,1,2010-01-12 11:49:00,4.95,17920,United Kingdom,4.95
536412,22900, SET 2 TEA TOWELS I LOVE LONDON ,2,2010-01-12 11:49:00,2.95,17920,United Kingdom,5.9
536412,21706,FOLDING UMBRELLA RED/WHITE POLKADOT,1,2010-01-12 11:49:00,4.95,17920,United Kingdom,4.95
536412,22988,SOLDIERS EGG CUP ,6,2010-01-12 11:49:00,1.25,17920,United Kingdom,7.5
536412,85184C,S/4 VALENTINE DECOUPAGE HEART BOX,1,2010-01-12 11:49:00,2.95,17920,United Kingdom,2.95
536412,20750,RED RETROSPOT MINI CASES,1,2010-01-12 11:49:00,7.95,17920,United Kingdom,7.95
536415,22952,60 CAKE CASES VINTAGE CHRISTMAS,10,2010-01-12 11:57:00,0.55,12838,United Kingdom,5.5
536415,22910,PAPER CHAIN KIT VINTAGE CHRISTMAS,5,2010-01-12 11:57:00,2.95,12838,United Kingdom,14.75
536415,22739,RIBBON REEL CHRISTMAS SOCK BAUBLE,3,2010-01-12 11:57:00,1.65,12838,United Kingdom,4.949999999999999
536415,22738,RIBBON REEL SNOWY VILLAGE,3,2010-01-12 11:57:00,1.65,12838,United Kingdom,4.949999999999999
536415,22736,RIBBON REEL MAKING SNOWMEN ,3,2010-01-12 11:57:00,1.65,12838,United Kingdom,4.949999999999999
536415,22909,SET OF 20 VINTAGE CHRISTMAS NAPKINS,5,2010-01-12 11:57:00,0.85,12838,United Kingdom,4.25
536415,35591T,TURQUOISE CHRISTMAS TREE ,2,2010-01-12 11:57:00,1.25,12838,United Kingdom,2.5
536415,22186,RED STAR CARD HOLDER,5,2010-01-12 11:57:00,2.95,12838,United Kingdom,14.75
536415,22695,WICKER WREATH SMALL,3,2010-01-12 11:57:00,1.45,12838,United Kingdom,4.35
536415,22470,HEART OF WICKER LARGE,1,2010-01-12 11:57:00,2.95,12838,United Kingdom,2.95
536415,22580,ADVENT CALENDAR GINGHAM SACK,1,2010-01-12 11:57:00,5.95,12838,United Kingdom,5.95
536415,22469,HEART OF WICKER SMALL,5,2010-01-12 11:57:00,1.65,12838,United Kingdom,8.25
536415,22147,FELTCRAFT BUTTERFLY HEARTS,4,2010-01-12 11:57:00,1.45,12838,United Kingdom,5.8
536415,22130,PARTY CONE CHRISTMAS DECORATION ,6,2010-01-12 11:57:00,0.85,12838,United Kingdom,5.1
536415,21791,VINTAGE HEADS AND TAILS CARD GAME ,3,2010-01-12 11:57:00,1.25,12838,United Kingdom,3.75
536415,22694,WICKER STAR ,5,2010-01-12 11:57:00,2.1,12838,United Kingdom,10.5
536415,21790,VINTAGE SNAP CARDS,3,2010-01-12 11:57:00,0.85,12838,United Kingdom,2.55
536415,22149,FELTCRAFT 6 FLOWER FRIENDS,4,2010-01-12 11:57:00,2.1,12838,United Kingdom,8.4
536415,22900, SET 2 TEA TOWELS I LOVE LONDON ,3,2010-01-12 11:57:00,2.95,12838,United Kingdom,8.850000000000001
536415,22961,JAM MAKING SET PRINTED,3,2010-01-12 11:57:00,1.45,12838,United Kingdom,4.35
536415,22962,JAM MAKING SET PRINTED,8,2010-01-12 11:57:00,1.45,12838,United Kingdom,11.6
536415,22963,JAM MAKING SET PRINTED,5,2010-01-12 11:57:00,1.45,12838,United Kingdom,7.25
536415,22321,BIRD DECORATION RED RETROSPOT,12,2010-01-12 11:57:00,0.85,12838,United Kingdom,10.2
536415,22594,CHRISTMAS GINGHAM TREE,5,2010-01-12 11:57:00,0.85,12838,United Kingdom,4.25
536415,22598,CHRISTMAS GINGHAM TREE,15,2010-01-12 11:57:00,0.85,12838,United Kingdom,12.75
536415,22596,CHRISTMAS GINGHAM TREE,7,2010-01-12 11:57:00,0.85,12838,United Kingdom,5.95
536415,22593,CHRISTMAS GINGHAM STAR,4,2010-01-12 11:57:00,0.85,12838,United Kingdom,3.4
536415,22595,CHRISTMAS GINGHAM HEART,6,2010-01-12 11:57:00,0.85,12838,United Kingdom,5.1
536415,21986,PACK OF 12 PINK POLKADOT TISSUES,12,2010-01-12 11:57:00,0.29,12838,United Kingdom,3.4799999999999995
536415,22750,FELTCRAFT PRINCESS LOLA DOLL,2,2010-01-12 11:57:00,3.75,12838,United Kingdom,7.5
536415,22616,PACK OF 12 LONDON TISSUES ,12,2010-01-12 11:57:00,0.29,12838,United Kingdom,3.4799999999999995
536415,22775,PURPLE DRAWERKNOB ACRYLIC EDWARDIAN,1,2010-01-12 11:57:00,1.25,12838,United Kingdom,1.25
536415,22899,CHILDREN'S APRON DOLLY GIRL ,2,2010-01-12 11:57:00,2.1,12838,United Kingdom,4.2
536415,22367,CHILDRENS APRON SPACEBOY DESIGN,3,2010-01-12 11:57:00,1.95,12838,United Kingdom,5.85
536415,22942,CHRISTMAS LIGHTS 10 SANTAS ,3,2010-01-12 11:57:00,8.5,12838,United Kingdom,25.5
536415,22943,CHRISTMAS LIGHTS 10 SANTAS ,5,2010-01-12 11:57:00,8.5,12838,United Kingdom,42.5
536415,22944,CHRISTMAS LIGHTS 10 SANTAS ,10,2010-01-12 11:57:00,8.5,12838,United Kingdom,85.0
536415,22941,CHRISTMAS LIGHTS 10 REINDEER,3,2010-01-12 11:57:00,8.5,12838,United Kingdom,25.5
536415,22086,PAPER CHAIN KIT 50'S CHRISTMAS ,6,2010-01-12 11:57:00,2.95,12838,United Kingdom,17.700000000000003
536415,22940,FELTCRAFT CHRISTMAS FAIRY,2,2010-01-12 11:57:00,4.25,12838,United Kingdom,8.5
536415,21212,PACK OF 72 RETROSPOT CAKE CASES,2,2010-01-12 11:57:00,0.55,12838,United Kingdom,1.1
536415,21976,PACK OF 60 MUSHROOM CAKE CASES,2,2010-01-12 11:57:00,0.55,12838,United Kingdom,1.1
536415,22951,60 CAKE CASES DOLLY GIRL DESIGN,2,2010-01-12 11:57:00,0.55,12838,United Kingdom,1.1
536415,21977,PACK OF 60 PINK PAISLEY CAKE CASES,3,2010-01-12 11:57:00,0.55,12838,United Kingdom,1.6500000000000001
536415,22834,HAND WARMER BABUSHKA DESIGN,3,2010-01-12 11:57:00,2.1,12838,United Kingdom,6.300000000000001
536415,22867,HAND WARMER BIRD DESIGN,3,2010-01-12 11:57:00,2.1,12838,United Kingdom,6.300000000000001
536415,22865,HAND WARMER OWL DESIGN,3,2010-01-12 11:57:00,2.1,12838,United Kingdom,6.300000000000001
536415,22632,HAND WARMER RED RETROSPOT,3,2010-01-12 11:57:00,2.1,12838,United Kingdom,6.300000000000001
536415,21916,SET 12 RETRO WHITE CHALK STICKS,2,2010-01-12 11:57:00,0.42,12838,United Kingdom,0.84
536415,22587,FELTCRAFT HAIRBAND RED AND BLUE,4,2010-01-12 11:57:00,0.85,12838,United Kingdom,3.4
536415,22566,FELTCRAFT HAIRBAND PINK AND PURPLE,3,2010-01-12 11:57:00,0.85,12838,United Kingdom,2.55
536415,22565,FELTCRAFT HAIRBANDS PINK AND WHITE ,3,2010-01-12 11:57:00,0.85,12838,United Kingdom,2.55
536415,22472,TV DINNER TRAY DOLLY GIRL,2,2010-01-12 11:57:00,4.95,12838,United Kingdom,9.9
536415,22557,PLASTERS IN TIN VINTAGE PAISLEY ,3,2010-01-12 11:57:00,1.65,12838,United Kingdom,4.949999999999999
536415,22551,PLASTERS IN TIN SPACEBOY,3,2010-01-12 11:57:00,1.65,12838,United Kingdom,4.949999999999999
536415,22554,PLASTERS IN TIN WOODLAND ANIMALS,3,2010-01-12 11:57:00,1.65,12838,United Kingdom,4.949999999999999
536415,22555,PLASTERS IN TIN WOODLAND ANIMALS,14,2010-01-12 11:57:00,1.65,12838,United Kingdom,23.099999999999998
536415,22534,MAGIC DRAWING SLATE SPACEBOY ,3,2010-01-12 11:57:00,0.42,12838,United Kingdom,1.26
536415,22531,MAGIC DRAWING SLATE CIRCUS PARADE  ,3,2010-01-12 11:57:00,0.42,12838,United Kingdom,1.26
536415,22529,MAGIC DRAWING SLATE GO TO THE FAIR ,3,2010-01-12 11:57:00,0.42,12838,United Kingdom,1.26
536415,22530,MAGIC DRAWING SLATE DOLLY GIRL ,3,2010-01-12 11:57:00,0.42,12838,United Kingdom,1.26
536415,84032B,CHARLIE + LOLA RED HOT WATER BOTTLE,3,2010-01-12 11:57:00,2.95,12838,United Kingdom,8.850000000000001
536415,22837,HOT WATER BOTTLE BABUSHKA ,3,2010-01-12 11:57:00,4.65,12838,United Kingdom,13.950000000000001
536415,85049H,URBAN BLACK RIBBONS ,2,2010-01-12 11:57:00,1.25,12838,United Kingdom,2.5
536415,22749,FELTCRAFT PRINCESS CHARLOTTE DOLL,2,2010-01-12 11:57:00,3.75,12838,United Kingdom,7.5
536415,22807,SET OF 6 T-LIGHTS TOADSTOOLS,12,2010-01-12 11:57:00,2.95,12838,United Kingdom,35.400000000000006
536416,21494,ROTATING LEAVES T-LIGHT HOLDER,12,2010-01-12 11:58:00,1.25,13255,United Kingdom,15.0
536416,21915,RED  HARMONICA IN BOX ,72,2010-01-12 11:58:00,1.25,13255,United Kingdom,90.0
536416,22938,CUPCAKE LACE PAPER SET 6,12,2010-01-12 11:58:00,1.95,13255,United Kingdom,23.4
536416,22768,FAMILY PHOTO FRAME CORNICE,4,2010-01-12 11:58:00,9.95,13255,United Kingdom,39.8
536416,22769,FAMILY PHOTO FRAME CORNICE,3,2010-01-12 11:58:00,9.95,13255,United Kingdom,29.849999999999998
536416,22770,FAMILY PHOTO FRAME CORNICE,7,2010-01-12 11:58:00,9.95,13255,United Kingdom,69.64999999999999
536416,22767,TRIPLE PHOTO FRAME CORNICE ,4,2010-01-12 11:58:00,9.95,13255,United Kingdom,39.8
536416,82494L,WOODEN FRAME ANTIQUE WHITE ,6,2010-01-12 11:58:00,2.95,13255,United Kingdom,17.700000000000003
536420,21889,WOODEN BOX OF DOMINOES,12,2010-01-12 12:03:00,1.25,16583,United Kingdom,15.0
536420,21892,TRADITIONAL WOODEN CATCH CUP GAME ,12,2010-01-12 12:03:00,1.25,16583,United Kingdom,15.0
536420,21891,TRADITIONAL WOODEN SKIPPING ROPE,12,2010-01-12 12:03:00,1.25,16583,United Kingdom,15.0
536420,21890,S/6 WOODEN SKITTLES IN COTTON BAG,6,2010-01-12 12:03:00,2.95,16583,United Kingdom,17.700000000000003
536420,21718,RED METAL BEACH SPADE ,12,2010-01-12 12:03:00,1.25,16583,United Kingdom,15.0
536420,21716,BOYS VINTAGE TIN SEASIDE BUCKET,8,2010-01-12 12:03:00,2.55,16583,United Kingdom,20.4
536420,21715,GIRLS VINTAGE TIN SEASIDE BUCKET,8,2010-01-12 12:03:00,2.55,16583,United Kingdom,20.4
536420,22113,GREY HEART HOT WATER BOTTLE,4,2010-01-12 12:03:00,3.75,16583,United Kingdom,15.0
536420,22111,SCOTTIE DOG HOT WATER BOTTLE,3,2010-01-12 12:03:00,4.95,16583,United Kingdom,14.850000000000001
536420,22110,BIRD HOUSE HOT WATER BOTTLE,6,2010-01-12 12:03:00,2.55,16583,United Kingdom,15.299999999999999
536420,22358,KINGS CHOICE TEA CADDY ,6,2010-01-12 12:03:00,2.95,16583,United Kingdom,17.700000000000003
536420,22357,KINGS CHOICE BISCUIT TIN,4,2010-01-12 12:03:00,4.25,16583,United Kingdom,17.0
536420,22115,METAL SIGN EMPIRE TEA,6,2010-01-12 12:03:00,2.95,16583,United Kingdom,17.700000000000003
536420,22969,HOMEMADE JAM SCENTED CANDLES,12,2010-01-12 12:03:00,1.45,16583,United Kingdom,17.4
536423,22619,SET OF 6 SOLDIER SKITTLES,4,2010-01-12 12:08:00,3.75,18085,United Kingdom,15.0
536423,21481,FAWN BLUE HOT WATER BOTTLE,6,2010-01-12 12:08:00,2.95,18085,United Kingdom,17.700000000000003
536423,22632,HAND WARMER RED RETROSPOT,12,2010-01-12 12:08:00,2.1,18085,United Kingdom,25.200000000000003
536423,22837,HOT WATER BOTTLE BABUSHKA ,8,2010-01-12 12:08:00,4.65,18085,United Kingdom,37.2
536423,21479,WHITE SKULL HOT WATER BOTTLE ,8,2010-01-12 12:08:00,3.75,18085,United Kingdom,30.0
536423,21485,RETROSPOT HEART HOT WATER BOTTLE,8,2010-01-12 12:08:00,4.95,18085,United Kingdom,39.6
536423,84029E,RED WOOLLY HOTTIE WHITE HEART.,8,2010-01-12 12:08:00,3.75,18085,United Kingdom,30.0
536423,22111,SCOTTIE DOG HOT WATER BOTTLE,16,2010-01-12 12:08:00,4.95,18085,United Kingdom,79.2
536423,22113,GREY HEART HOT WATER BOTTLE,8,2010-01-12 12:08:00,3.75,18085,United Kingdom,30.0
536423,22114,GREY HEART HOT WATER BOTTLE,9,2010-01-12 12:08:00,3.75,18085,United Kingdom,33.75
536423,22115,GREY HEART HOT WATER BOTTLE,32,2010-01-12 12:08:00,3.75,18085,United Kingdom,120.0
536425,22837,HOT WATER BOTTLE BABUSHKA ,8,2010-01-12 12:08:00,4.65,13758,United Kingdom,37.2
536425,22585,PACK OF 6 BIRDY GIFT TAGS,12,2010-01-12 12:08:00,1.25,13758,United Kingdom,15.0
536425,79321,CHILLI LIGHTS,8,2010-01-12 12:08:00,4.95,13758,United Kingdom,39.6
536425,79322,CHILLI LIGHTS,10,2010-01-12 12:08:00,4.95,13758,United Kingdom,49.5
536425,22637,PIGGY BANK RETROSPOT ,12,2010-01-12 12:08:00,2.55,13758,United Kingdom,30.599999999999998
536425,21556,CERAMIC STRAWBERRY MONEY BOX,6,2010-01-12 12:08:00,2.55,13758,United Kingdom,15.299999999999999
536425,22646,CERAMIC STRAWBERRY CAKE MONEY BANK,12,2010-01-12 12:08:00,1.45,13758,United Kingdom,17.4
536425,22644,CERAMIC CHERRY CAKE MONEY BANK,12,2010-01-12 12:08:00,1.45,13758,United Kingdom,17.4
536425,22646,CERAMIC CHERRY CAKE MONEY BANK,19,2010-01-12 12:08:00,1.45,13758,United Kingdom,27.55
536425,22647,CERAMIC CHERRY CAKE MONEY BANK,32,2010-01-12 12:08:00,1.45,13758,United Kingdom,46.4
536425,22645,CERAMIC HEART FAIRY CAKE MONEY BANK,12,2010-01-12 12:08:00,1.45,13758,United Kingdom,17.4
536425,22650,CERAMIC PIRATE CHEST MONEY BANK,12,2010-01-12 12:08:00,1.45,13758,United Kingdom,17.4
536425,22508,DOORSTOP RETROSPOT HEART,8,2010-01-12 12:08:00,3.75,13758,United Kingdom,30.0
536425,21411,GINGHAM HEART  DOORSTOP RED,3,2010-01-12 12:08:00,4.25,13758,United Kingdom,12.75
536425,22511,RETROSPOT BABUSHKA DOORSTOP,4,2010-01-12 12:08:00,3.75,13758,United Kingdom,15.0
536425,22451,SILK PURSE BABUSHKA RED,6,2010-01-12 12:08:00,3.35,13758,United Kingdom,20.1
536425,22449,SILK PURSE BABUSHKA PINK,6,2010-01-12 12:08:00,3.35,13758,United Kingdom,20.1
536425,22450,SILK PURSE BABUSHKA PINK,10,2010-01-12 12:08:00,3.35,13758,United Kingdom,33.5
536425,22451,SILK PURSE BABUSHKA PINK,7,2010-01-12 12:08:00,3.35,13758,United Kingdom,23.45
536425,22768,FAMILY PHOTO FRAME CORNICE,2,2010-01-12 12:08:00,9.95,13758,United Kingdom,19.9
536425,22829,SWEETHEART WIRE WALL TIDY,2,2010-01-12 12:08:00,9.95,13758,United Kingdom,19.9
536425,22961,JAM MAKING SET PRINTED,12,2010-01-12 12:08:00,1.45,13758,United Kingdom,17.4
536437,21154,RED RETROSPOT OVEN GLOVE ,200,2010-01-12 12:12:00,1.06,13694,United Kingdom,212.0
536437,22189,CREAM HEART CARD HOLDER,72,2010-01-12 12:12:00,3.39,13694,United Kingdom,244.08
536437,17021,NAMASTE SWAGAT INCENSE,600,2010-01-12 12:12:00,0.24,13694,United Kingdom,144.0
536437,22059,CERAMIC STRAWBERRY DESIGN MUG,48,2010-01-12 12:12:00,1.25,13694,United Kingdom,60.0
536437,22188,BLACK HEART CARD HOLDER,36,2010-01-12 12:12:00,3.39,13694,United Kingdom,122.04
536437,84678,CLASSICAL ROSE SMALL VASE,48,2010-01-12 12:12:00,1.25,13694,United Kingdom,60.0
536446,85172,HYACINTH BULB T-LIGHT CANDLES,32,2010-01-12 12:15:00,0.42,15983,United Kingdom,13.44
536446,22142,CHRISTMAS CRAFT WHITE FAIRY ,2,2010-01-12 12:15:00,1.45,15983,United Kingdom,2.9
536446,22144,CHRISTMAS CRAFT LITTLE FRIENDS,2,2010-01-12 12:15:00,2.1,15983,United Kingdom,4.2
536446,22145,CHRISTMAS CRAFT LITTLE FRIENDS,3,2010-01-12 12:15:00,2.1,15983,United Kingdom,6.300000000000001
536446,22146,CHRISTMAS CRAFT LITTLE FRIENDS,6,2010-01-12 12:15:00,2.1,15983,United Kingdom,12.600000000000001
536446,21591,COSY HOUR CIGAR BOX MATCHES ,6,2010-01-12 12:15:00,1.25,15983,United Kingdom,7.5
536446,22480,RED TEA TOWEL CLASSIC DESIGN,12,2010-01-12 12:15:00,1.25,15983,United Kingdom,15.0
536446,22294,HEART FILIGREE DOVE  SMALL,48,2010-01-12 12:15:00,1.25,15983,United Kingdom,60.0
536446,22295,HEART FILIGREE DOVE  SMALL,18,2010-01-12 12:15:00,1.25,15983,United Kingdom,22.5
536446,21156,RETROSPOT CHILDRENS APRON,1,2010-01-12 12:15:00,1.95,15983,United Kingdom,1.95
536446,10133,COLOURING PENCILS BROWN TUBE,5,2010-01-12 12:15:00,0.85,15983,United Kingdom,4.25
536446,72800E,4 IVORY DINNER CANDLES SILVER FLOCK,6,2010-01-12 12:15:00,2.55,15983,United Kingdom,15.299999999999999
536446,22294,HEART FILIGREE DOVE  SMALL,24,2010-01-12 12:15:00,1.25,15983,United Kingdom,30.0
536446,84836,ZINC METAL HEART DECORATION,12,2010-01-12 12:15:00,1.25,15983,United Kingdom,15.0
536446,20774,GREEN FERN NOTEBOOK,2,2010-01-12 12:15:00,1.65,15983,United Kingdom,3.3
536446,20773,BLUE PAISLEY NOTEBOOK,2,2010-01-12 12:15:00,1.65,15983,United Kingdom,3.3
536446,20777,CHRYSANTHEMUM NOTEBOOK,2,2010-01-12 12:15:00,1.65,15983,United Kingdom,3.3
536446,20778,CHRYSANTHEMUM NOTEBOOK,36,2010-01-12 12:15:00,1.65,15983,United Kingdom,59.4
536446,20779,CHRYSANTHEMUM NOTEBOOK,15,2010-01-12 12:15:00,1.65,15983,United Kingdom,24.75
536446,16016,LARGE CHINESE STYLE SCISSOR,10,2010-01-12 12:15:00,0.85,15983,United Kingdom,8.5
536446,16014,SMALL CHINESE STYLE SCISSOR,10,2010-01-12 12:15:00,0.42,15983,United Kingdom,4.2
536446,21890,S/6 WOODEN SKITTLES IN COTTON BAG,2,2010-01-12 12:15:00,2.95,15983,United Kingdom,5.9
536446,21891,TRADITIONAL WOODEN SKIPPING ROPE,2,2010-01-12 12:15:00,1.25,15983,United Kingdom,2.5
536446,22619,SET OF 6 SOLDIER SKITTLES,8,2010-01-12 12:15:00,3.75,15983,United Kingdom,30.0
536446,22620,4 TRADITIONAL SPINNING TOPS,6,2010-01-12 12:15:00,1.25,15983,United Kingdom,7.5
536446,84347,ROTATING SILVER ANGELS T-LIGHT HLDR,12,2010-01-12 12:15:00,2.55,15983,United Kingdom,30.599999999999998
536446,85169B,BLACK LOVE BIRD CANDLE,24,2010-01-12 12:15:00,1.25,15983,United Kingdom,30.0
536446,21156,RETROSPOT CHILDRENS APRON,3,2010-01-12 12:15:00,1.95,15983,United Kingdom,5.85
536446,21651,HANGING GLASS ETCHED TEALIGHT,6,2010-01-12 12:15:00,1.65,15983,United Kingdom,9.899999999999999
536446,21651,HANGING GLASS ETCHED TEALIGHT,6,2010-01-12 12:15:00,1.65,15983,United Kingdom,9.899999999999999
536446,84625C,BLUE NEW BAROQUE CANDLESTICK CANDLE,10,2010-01-12 12:15:00,2.95,15983,United Kingdom,29.5
536446,22618,COOKING SET RETROSPOT,2,2010-01-12 12:15:00,9.95,15983,United Kingdom,19.9
536446,21586,KINGS CHOICE GIANT TUBE MATCHES,4,2010-01-12 12:15:00,2.55,15983,United Kingdom,10.2
536446,21587,COSY HOUR GIANT TUBE MATCHES,4,2010-01-12 12:15:00,2.55,15983,United Kingdom,10.2
536446,22152,PLACE SETTING WHITE STAR,24,2010-01-12 12:15:00,0.42,15983,United Kingdom,10.08
536446,85172,HYACINTH BULB T-LIGHT CANDLES,16,2010-01-12 12:15:00,0.42,15983,United Kingdom,6.72
536446,84754,S/15 SILVER GLASS BAUBLES IN BAG,24,2010-01-12 12:15:00,1.25,15983,United Kingdom,30.0
536460,22670,FRENCH WC SIGN BLUE METAL,12,2010-01-12 12:22:00,1.25,14849,United Kingdom,15.0
536460,21586,KINGS CHOICE GIANT TUBE MATCHES,12,2010-01-12 12:22:00,2.55,14849,United Kingdom,30.599999999999998
536460,84992,72 SWEETHEART FAIRY CAKE CASES,24,2010-01-12 12:22:00,0.55,14849,United Kingdom,13.200000000000001
536460,84879,ASSORTED COLOUR BIRD ORNAMENT,24,2010-01-12 12:22:00,1.69,14849,United Kingdom,40.56
536460,84849B,FAIRY SOAP SOAP HOLDER,12,2010-01-12 12:22:00,1.69,14849,United Kingdom,20.28
536460,22927,GREEN GIANT GARDEN THERMOMETER,2,2010-01-12 12:22:00,5.95,14849,United Kingdom,11.9
536460,22926,IVORY GIANT GARDEN THERMOMETER,4,2010-01-12 12:22:00,5.95,14849,United Kingdom,23.8
536460,22925,BLUE GIANT GARDEN THERMOMETER,2,2010-01-12 12:22:00,5.95,14849,United Kingdom,11.9
536460,21977,PACK OF 60 PINK PAISLEY CAKE CASES,24,2010-01-12 12:22:00,0.55,14849,United Kingdom,13.200000000000001
536460,21978,PACK OF 60 PINK PAISLEY CAKE CASES,20,2010-01-12 12:22:00,0.55,14849,United Kingdom,11.0
536460,21979,PACK OF 60 PINK PAISLEY CAKE CASES,21,2010-01-12 12:22:00,0.55,14849,United Kingdom,11.55
536460,21485,RETROSPOT HEART HOT WATER BOTTLE,6,2010-01-12 12:22:00,4.95,14849,United Kingdom,29.700000000000003
536460,21484,CHICK GREY HOT WATER BOTTLE,8,2010-01-12 12:22:00,3.45,14849,United Kingdom,27.6
536460,21259,VICTORIAN SEWING BOX SMALL ,2,2010-01-12 12:22:00,5.95,14849,United Kingdom,11.9
536460,21257,VICTORIAN SEWING BOX MEDIUM,2,2010-01-12 12:22:00,7.95,14849,United Kingdom,15.9
536460,21121,SET/10 RED POLKADOT PARTY CANDLES,24,2010-01-12 12:22:00,1.25,14849,United Kingdom,30.0
536463,82552,WASHROOM METAL SIGN,12,2010-01-12 12:22:00,1.45,14849,United Kingdom,17.4
536464,90200B,BLACK SWEETHEART BRACELET,2,2010-01-12 12:23:00,4.25,17968,United Kingdom,8.5
536464,90059B,DIAMANTE HAIR GRIP PACK/2 BLACK DIA,2,2010-01-12 12:23:00,1.65,17968,United Kingdom,3.3
536464,90185C,BLACK DIAMANTE EXPANDABLE RING,2,2010-01-12 12:23:00,4.25,17968,United Kingdom,8.5
536464,90059E,DIAMANTE HAIR GRIP PACK/2 RUBY,3,2010-01-12 12:23:00,1.65,17968,United Kingdom,4.949999999999999
536464,90059C,DIAMANTE HAIR GRIP PACK/2 MONTANA,1,2010-01-12 12:23:00,1.65,17968,United Kingdom,1.65
536464,90200C,BLUE SWEETHEART BRACELET,1,2010-01-12 12:23:00,4.25,17968,United Kingdom,4.25
536464,90200D,PINK SWEETHEART BRACELET,3,2010-01-12 12:23:00,4.25,17968,United Kingdom,12.75
536464,90200A,PURPLE SWEETHEART BRACELET,1,2010-01-12 12:23:00,4.25,17968,United Kingdom,4.25
536464,22386,JUMBO BAG PINK POLKADOT,1,2010-01-12 12:23:00,1.95,17968,United Kingdom,1.95
536464,22387,JUMBO BAG PINK POLKADOT,26,2010-01-12 12:23:00,1.95,17968,United Kingdom,50.699999999999996
536464,22388,JUMBO BAG PINK POLKADOT,8,2010-01-12 12:23:00,1.95,17968,United Kingdom,15.6
536464,85099B,JUMBO BAG RED RETROSPOT,1,2010-01-12 12:23:00,1.95,17968,United Kingdom,1.95
536464,84879,ASSORTED COLOUR BIRD ORNAMENT,8,2010-01-12 12:23:00,1.69,17968,United Kingdom,13.52
536464,22086,PAPER CHAIN KIT 50'S CHRISTMAS ,1,2010-01-12 12:23:00,2.95,17968,United Kingdom,2.95
536464,22737,RIBBON REEL CHRISTMAS PRESENT ,1,2010-01-12 12:23:00,1.65,17968,United Kingdom,1.65
536464,21260,FIRST AID TIN,1,2010-01-12 12:23:00,3.25,17968,United Kingdom,3.25
536464,22744,MAKE YOUR OWN MONSOON CARD KIT,2,2010-01-12 12:23:00,2.95,17968,United Kingdom,5.9
536464,21985,PACK OF 12 HEARTS DESIGN TISSUES ,1,2010-01-12 12:23:00,0.29,17968,United Kingdom,0.29
536464,21980,PACK OF 12 RED RETROSPOT TISSUES ,1,2010-01-12 12:23:00,0.29,17968,United Kingdom,0.29
536464,22988,SOLDIERS EGG CUP ,1,2010-01-12 12:23:00,1.25,17968,United Kingdom,1.25
536464,22297,HEART IVORY TRELLIS SMALL,1,2010-01-12 12:23:00,1.25,17968,United Kingdom,1.25
536464,22294,HEART FILIGREE DOVE  SMALL,1,2010-01-12 12:23:00,1.25,17968,United Kingdom,1.25
536464,22295,HEART FILIGREE DOVE LARGE,1,2010-01-12 12:23:00,1.65,17968,United Kingdom,1.65
536464,22813,PACK 3 BOXES BIRD PANNETONE ,2,2010-01-12 12:23:00,1.95,17968,United Kingdom,3.9
536464,22812,PACK 3 BOXES CHRISTMAS PANNETONE,6,2010-01-12 12:23:00,1.95,17968,United Kingdom,11.7
536464,22197,SMALL POPCORN HOLDER,5,2010-01-12 12:23:00,0.85,17968,United Kingdom,4.25
536464,21977,PACK OF 60 PINK PAISLEY CAKE CASES,1,2010-01-12 12:23:00,0.55,17968,United Kingdom,0.55
536464,22619,SET OF 6 SOLDIER SKITTLES,1,2010-01-12 12:23:00,3.75,17968,United Kingdom,3.75
536464,22620,SET OF 6 SOLDIER SKITTLES,4,2010-01-12 12:23:00,3.75,17968,United Kingdom,15.0
536464,22621,SET OF 6 SOLDIER SKITTLES,2,2010-01-12 12:23:00,3.75,17968,United Kingdom,7.5
536464,16258A,SWIRLY CIRCULAR RUBBERS IN BAG,1,2010-01-12 12:23:00,0.42,17968,United Kingdom,0.42
536464,21992,VINTAGE PAISLEY STATIONERY SET,1,2010-01-12 12:23:00,2.95,17968,United Kingdom,2.95
536464,22910,PAPER CHAIN KIT VINTAGE CHRISTMAS,1,2010-01-12 12:23:00,2.95,17968,United Kingdom,2.95
536464,21124,SET/10 BLUE POLKADOT PARTY CANDLES,1,2010-01-12 12:23:00,1.25,17968,United Kingdom,1.25
536464,22735,RIBBON REEL SOCKS AND MITTENS,2,2010-01-12 12:23:00,1.65,17968,United Kingdom,3.3
536464,22952,60 CAKE CASES VINTAGE CHRISTMAS,2,2010-01-12 12:23:00,0.55,17968,United Kingdom,1.1
536464,22945,CHRISTMAS METAL TAGS ASSORTED ,6,2010-01-12 12:23:00,0.85,17968,United Kingdom,5.1
536464,21816,CHRISTMAS TREE T-LIGHT HOLDER,2,2010-01-12 12:23:00,1.45,17968,United Kingdom,2.9
536464,21815,STAR  T-LIGHT HOLDER ,4,2010-01-12 12:23:00,1.45,17968,United Kingdom,5.8
536464,21814,HEART T-LIGHT HOLDER ,2,2010-01-12 12:23:00,1.45,17968,United Kingdom,2.9
536464,10125,MINI FUNKY DESIGN TAPES,2,2010-01-12 12:23:00,0.85,17968,United Kingdom,1.7
536464,22810,SET OF 6 T-LIGHTS SNOWMEN,1,2010-01-12 12:23:00,2.95,17968,United Kingdom,2.95
536464,22573,STAR WOODEN CHRISTMAS DECORATION,1,2010-01-12 12:23:00,0.85,17968,United Kingdom,0.85
536464,22577,WOODEN HEART CHRISTMAS SCANDINAVIAN,1,2010-01-12 12:23:00,0.85,17968,United Kingdom,0.85
536464,22578,WOODEN HEART CHRISTMAS SCANDINAVIAN,10,2010-01-12 12:23:00,0.85,17968,United Kingdom,8.5
536464,22603,CHRISTMAS RETROSPOT TREE WOOD,2,2010-01-12 12:23:00,0.85,17968,United Kingdom,1.7
536464,22809,SET OF 6 T-LIGHTS SANTA,1,2010-01-12 12:23:00,2.95,17968,United Kingdom,2.95
536464,20878,SET/9 CHRISTMAS T-LIGHTS SCENTED ,1,2010-01-12 12:23:00,1.25,17968,United Kingdom,1.25
536464,20866,BLUE ROSE FABRIC MIRROR,1,2010-01-12 12:23:00,1.25,17968,United Kingdom,1.25
536464,85095,THREE CANVAS LUGGAGE TAGS,1,2010-01-12 12:23:00,1.95,17968,United Kingdom,1.95
536464,22333,RETROSPOT PARTY BAG + STICKER SET,1,2010-01-12 12:23:00,1.65,17968,United Kingdom,1.65
536464,22557,PLASTERS IN TIN VINTAGE PAISLEY ,1,2010-01-12 12:23:00,1.65,17968,United Kingdom,1.65
536464,21584,RETROSPOT SMALL TUBE MATCHES,1,2010-01-12 12:23:00,1.65,17968,United Kingdom,1.65
536464,22866,HAND WARMER SCOTTY DOG DESIGN,1,2010-01-12 12:23:00,2.1,17968,United Kingdom,2.1
536464,22731,3D CHRISTMAS STAMPS STICKERS ,2,2010-01-12 12:23:00,1.25,17968,United Kingdom,2.5
536464,22866,HAND WARMER SCOTTY DOG DESIGN,1,2010-01-12 12:23:00,2.1,17968,United Kingdom,2.1
536464,22866,HAND WARMER SCOTTY DOG DESIGN,3,2010-01-12 12:23:00,2.1,17968,United Kingdom,6.300000000000001
536464,22558,CLOTHES PEGS RETROSPOT PACK 24 ,2,2010-01-12 12:23:00,1.49,17968,United Kingdom,2.98
536464,22956,36 FOIL HEART CAKE CASES,1,2010-01-12 12:23:00,2.1,17968,United Kingdom,2.1
536464,22945,CHRISTMAS METAL TAGS ASSORTED ,6,2010-01-12 12:23:00,0.85,17968,United Kingdom,5.1
536464,22582,PACK OF 6 SWEETIE GIFT BOXES,1,2010-01-12 12:23:00,2.55,17968,United Kingdom,2.55
536464,21212,PACK OF 72 RETROSPOT CAKE CASES,1,2010-01-12 12:23:00,0.55,17968,United Kingdom,0.55
536464,21212,PACK OF 72 RETROSPOT CAKE CASES,2,2010-01-12 12:23:00,0.55,17968,United Kingdom,1.1
536464,22585,PACK OF 6 BIRDY GIFT TAGS,3,2010-01-12 12:23:00,1.25,17968,United Kingdom,3.75
536464,21121,SET/10 RED POLKADOT PARTY CANDLES,1,2010-01-12 12:23:00,1.25,17968,United Kingdom,1.25
536464,21122,SET/10 PINK POLKADOT PARTY CANDLES,1,2010-01-12 12:23:00,1.25,17968,United Kingdom,1.25
536464,21123,SET/10 PINK POLKADOT PARTY CANDLES,3,2010-01-12 12:23:00,1.25,17968,United Kingdom,3.75
536464,21124,SET/10 PINK POLKADOT PARTY CANDLES,8,2010-01-12 12:23:00,1.25,17968,United Kingdom,10.0
536464,22759,SET OF 3 NOTEBOOKS IN PARCEL,1,2010-01-12 12:23:00,1.65,17968,United Kingdom,1.65
536464,21815,STAR  T-LIGHT HOLDER ,1,2010-01-12 12:23:00,1.45,17968,United Kingdom,1.45
536464,85231B,CINAMMON SET OF 9 T-LIGHTS,3,2010-01-12 12:23:00,0.85,17968,United Kingdom,2.55
536464,85231G,ORANGE SCENTED SET/9 T-LIGHTS,5,2010-01-12 12:23:00,0.85,17968,United Kingdom,4.25
536464,22082,RIBBON REEL STRIPES DESIGN ,5,2010-01-12 12:23:00,1.65,17968,United Kingdom,8.25
536464,22500,SET OF 2 TINS JARDIN DE PROVENCE,2,2010-01-12 12:23:00,4.95,17968,United Kingdom,9.9
536464,22742,MAKE YOUR OWN PLAYTIME CARD KIT,1,2010-01-12 12:23:00,2.95,17968,United Kingdom,2.95
536464,21329,DINOSAURS  WRITING SET ,1,2010-01-12 12:23:00,1.65,17968,United Kingdom,1.65
536464,21328,BALLOONS  WRITING SET ,1,2010-01-12 12:23:00,1.65,17968,United Kingdom,1.65
536464,21327,SKULLS WRITING SET ,1,2010-01-12 12:23:00,1.65,17968,United Kingdom,1.65
536464,21328,SKULLS WRITING SET ,4,2010-01-12 12:23:00,1.65,17968,United Kingdom,6.6
536464,21992,VINTAGE PAISLEY STATIONERY SET,1,2010-01-12 12:23:00,2.95,17968,United Kingdom,2.95
536464,21738,COSY SLIPPER SHOES SMALL  RED ,1,2010-01-12 12:23:00,2.95,17968,United Kingdom,2.95
536464,48173C,DOORMAT BLACK FLOCK ,1,2010-01-12 12:23:00,7.95,17968,United Kingdom,7.95
536464,85099C,JUMBO  BAG BAROQUE BLACK WHITE,1,2010-01-12 12:23:00,1.95,17968,United Kingdom,1.95
536464,22960,JAM MAKING SET WITH JARS,1,2010-01-12 12:23:00,4.25,17968,United Kingdom,4.25
536464,85231G,ORANGE SCENTED SET/9 T-LIGHTS,1,2010-01-12 12:23:00,0.85,17968,United Kingdom,0.85
536464,85231B,CINAMMON SET OF 9 T-LIGHTS,2,2010-01-12 12:23:00,0.85,17968,United Kingdom,1.7
536464,22866,HAND WARMER SCOTTY DOG DESIGN,1,2010-01-12 12:23:00,2.1,17968,United Kingdom,2.1
536464,72818,CHRISTMAS DECOUPAGE CANDLE,1,2010-01-12 12:23:00,0.85,17968,United Kingdom,0.85
536464,21814,HEART T-LIGHT HOLDER ,8,2010-01-12 12:23:00,1.45,17968,United Kingdom,11.6
536464,22441,GROW YOUR OWN BASIL IN ENAMEL MUG,1,2010-01-12 12:23:00,2.1,17968,United Kingdom,2.1
536464,22312,OFFICE MUG WARMER POLKADOT,1,2010-01-12 12:23:00,2.95,17968,United Kingdom,2.95
536464,22313,OFFICE MUG WARMER POLKADOT,16,2010-01-12 12:23:00,2.95,17968,United Kingdom,47.2
536464,22197,SMALL POPCORN HOLDER,6,2010-01-12 12:23:00,0.85,17968,United Kingdom,5.1
536464,22663,JUMBO BAG DOLLY GIRL DESIGN,1,2010-01-12 12:23:00,1.95,17968,United Kingdom,1.95
536466,22960,JAM MAKING SET WITH JARS,6,2010-01-12 12:23:00,4.25,14849,United Kingdom,25.5
536466,22961,JAM MAKING SET PRINTED,12,2010-01-12 12:23:00,1.45,14849,United Kingdom,17.4
536477,21314,SMALL GLASS HEART TRINKET POT,48,2010-01-12 12:27:00,1.85,16210,United Kingdom,88.80000000000001
536477,84029E,RED WOOLLY HOTTIE WHITE HEART.,24,2010-01-12 12:27:00,3.39,16210,United Kingdom,81.36
536477,21137,BLACK RECORD COVER FRAME,480,2010-01-12 12:27:00,3.39,16210,United Kingdom,1627.2
536477,22041,"RECORD FRAME 7"" SINGLE SIZE ",48,2010-01-12 12:27:00,2.1,16210,United Kingdom,100.80000000000001
536477,20979,36 PENCILS TUBE RED RETROSPOT,16,2010-01-12 12:27:00,1.25,16210,United Kingdom,20.0
536477,20977,36 PENCILS TUBE WOODLAND,16,2010-01-12 12:27:00,1.25,16210,United Kingdom,20.0
536477,22619,SET OF 6 SOLDIER SKITTLES,4,2010-01-12 12:27:00,3.75,16210,United Kingdom,15.0
536477,22571,ROCKING HORSE RED CHRISTMAS ,96,2010-01-12 12:27:00,0.72,16210,United Kingdom,69.12
536477,22595,CHRISTMAS GINGHAM HEART,144,2010-01-12 12:27:00,0.72,16210,United Kingdom,103.67999999999999
536477,22596,CHRISTMAS GINGHAM HEART,141,2010-01-12 12:27:00,0.72,16210,United Kingdom,101.52
536477,22593,CHRISTMAS GINGHAM STAR,144,2010-01-12 12:27:00,0.72,16210,United Kingdom,103.67999999999999
536477,22633,HAND WARMER UNION JACK,12,2010-01-12 12:27:00,2.1,16210,United Kingdom,25.200000000000003
536477,22632,HAND WARMER RED RETROSPOT,12,2010-01-12 12:27:00,2.1,16210,United Kingdom,25.200000000000003
536477,22423,REGENCY CAKESTAND 3 TIER,16,2010-01-12 12:27:00,10.95,16210,United Kingdom,175.2
536477,22411,JUMBO SHOPPER VINTAGE RED PAISLEY,10,2010-01-12 12:27:00,1.95,16210,United Kingdom,19.5
536488,22738,RIBBON REEL SNOWY VILLAGE,5,2010-01-12 12:31:00,1.65,17897,United Kingdom,8.25
536488,21621,VINTAGE UNION JACK BUNTING,1,2010-01-12 12:31:00,8.5,17897,United Kingdom,8.5
536488,21622,VINTAGE UNION JACK BUNTING,14,2010-01-12 12:31:00,8.5,17897,United Kingdom,119.0
536488,22960,JAM MAKING SET WITH JARS,8,2010-01-12 12:31:00,4.25,17897,United Kingdom,34.0
536488,22082,RIBBON REEL STRIPES DESIGN ,5,2010-01-12 12:31:00,1.65,17897,United Kingdom,8.25
536488,47563A,RETRO LONGBOARD IRONING BOARD COVER,1,2010-01-12 12:31:00,3.75,17897,United Kingdom,3.75
536488,84558A,3D DOG PICTURE PLAYING CARDS,1,2010-01-12 12:31:00,2.95,17897,United Kingdom,2.95
536488,21592,RETROSPOT CIGAR BOX MATCHES ,1,2010-01-12 12:31:00,1.25,17897,United Kingdom,1.25
536488,20878,SET/9 CHRISTMAS T-LIGHTS SCENTED ,2,2010-01-12 12:31:00,1.25,17897,United Kingdom,2.5
536488,84347,ROTATING SILVER ANGELS T-LIGHT HLDR,1,2010-01-12 12:31:00,2.55,17897,United Kingdom,2.55
536488,84347,ROTATING SILVER ANGELS T-LIGHT HLDR,1,2010-01-12 12:31:00,2.55,17897,United Kingdom,2.55
536488,21577,SAVE THE PLANET COTTON TOTE BAG,1,2010-01-12 12:31:00,2.25,17897,United Kingdom,2.25
536488,22909,SET OF 20 VINTAGE CHRISTMAS NAPKINS,1,2010-01-12 12:31:00,0.85,17897,United Kingdom,0.85
536488,22087,PAPER BUNTING WHITE LACE,1,2010-01-12 12:31:00,2.95,17897,United Kingdom,2.95
536488,22651,GENTLEMAN SHIRT REPAIR KIT ,2,2010-01-12 12:31:00,0.85,17897,United Kingdom,1.7
536488,22713,CARD I LOVE LONDON ,12,2010-01-12 12:31:00,0.42,17897,United Kingdom,5.04
536488,22714,CARD I LOVE LONDON ,74,2010-01-12 12:31:00,0.42,17897,United Kingdom,31.08
536488,22715,CARD I LOVE LONDON ,49,2010-01-12 12:31:00,0.42,17897,United Kingdom,20.58
536488,22910,PAPER CHAIN KIT VINTAGE CHRISTMAS,1,2010-01-12 12:31:00,2.95,17897,United Kingdom,2.95
536488,21370,MIRRORED WALL ART FOXY,2,2010-01-12 12:31:00,6.35,17897,United Kingdom,12.7
536488,21367,MIRRORED WALL ART GENTS,1,2010-01-12 12:31:00,2.55,17897,United Kingdom,2.55
536488,22376,AIRLINE BAG VINTAGE JET SET WHITE,1,2010-01-12 12:31:00,4.25,17897,United Kingdom,4.25
536488,22961,JAM MAKING SET PRINTED,1,2010-01-12 12:31:00,1.45,17897,United Kingdom,1.45
536488,21895,POTTING SHED SOW 'N' GROW SET,1,2010-01-12 12:31:00,4.25,17897,United Kingdom,4.25
536488,22468,BABUSHKA LIGHTS STRING OF 10,1,2010-01-12 12:31:00,6.75,17897,United Kingdom,6.75
536488,21034,REX CASH+CARRY JUMBO SHOPPER,1,2010-01-12 12:31:00,0.95,17897,United Kingdom,0.95
536488,22372,AIRLINE BAG VINTAGE WORLD CHAMPION ,1,2010-01-12 12:31:00,4.25,17897,United Kingdom,4.25
536488,22867,HAND WARMER BIRD DESIGN,1,2010-01-12 12:31:00,2.1,17897,United Kingdom,2.1
536488,22144,CHRISTMAS CRAFT LITTLE FRIENDS,1,2010-01-12 12:31:00,2.1,17897,United Kingdom,2.1
536488,21190,PINK HEARTS PAPER GARLAND,1,2010-01-12 12:31:00,1.65,17897,United Kingdom,1.65
536488,21894,POTTING SHED SEED ENVELOPES,3,2010-01-12 12:31:00,1.25,17897,United Kingdom,3.75
536488,70007,HI TEC ALPINE HAND WARMER,3,2010-01-12 12:31:00,1.65,17897,United Kingdom,4.949999999999999
536488,22940,FELTCRAFT CHRISTMAS FAIRY,1,2010-01-12 12:31:00,4.25,17897,United Kingdom,4.25
536488,70007,HI TEC ALPINE HAND WARMER,1,2010-01-12 12:31:00,1.65,17897,United Kingdom,1.65
536488,84347,ROTATING SILVER ANGELS T-LIGHT HLDR,3,2010-01-12 12:31:00,2.55,17897,United Kingdom,7.6499999999999995
536488,22150,3 STRIPEY MICE FELTCRAFT,1,2010-01-12 12:31:00,1.95,17897,United Kingdom,1.95
536488,22151,3 STRIPEY MICE FELTCRAFT,4,2010-01-12 12:31:00,1.95,17897,United Kingdom,7.8
536488,22152,3 STRIPEY MICE FELTCRAFT,3,2010-01-12 12:31:00,1.95,17897,United Kingdom,5.85
